,number,value,datetime_start,datetime_complete,duration,params_lLegPt.lL0,params_lLegPt.lL1,params_lLegPt.lL2,params_lLegPt.rA1,params_lLegPt.rL0,params_lLegPt.rL1,params_lLegPt.rL2,params_lLegPt.x1,params_lLegPt.y1,params_sLegMotor,params_sLegPt.lL0,params_sLegPt.lL1,params_sLegPt.lL2,params_sLegPt.rA1,params_sLegPt.rL0,params_sLegPt.rL1,params_sLegPt.rL2,params_sLegPt.x1,params_sLegPt.y1,params_sLegPulley,user_attrs_prune,system_attrs_auto:sampler,state
0,0,6.0,2026-01-30 17:27:21.302448,2026-01-30 17:27:21.573754,0 days 00:00:00.271306,30.27646313103551,52.50880928640108,27.605284192732363,-57.86145166813969,37.217765107959174,85.53169113386048,52.112819112067626,47.278744901880366,19.44510545170653,90.0,42.3343472572242,28.40038832154154,82.56619449116623,-55.34291775911525,73.63697078738,96.55055424704953,30.533245777158857,35.6132962359174,18.89561803602753,5.0,Unfeasible shape,RandomSampler,PRUNED
1,1,6.0,2026-01-30 17:27:21.686104,2026-01-30 17:27:21.733616,0 days 00:00:00.047512,58.83755769226993,95.41079681321631,65.00647768285826,-35.06753089815604,44.32329780923495,31.73441475993025,98.71836825597455,37.58344576097595,19.898864753710534,100.0,98.30521285491542,34.662389141444294,88.7253375177468,-41.185362669075175,56.76981881747457,65.45723677341971,94.89730529167684,45.0548966225503,13.210729162019847,5.0,Unfeasible shape,RandomSampler,PRUNED
2,2,6.0,2026-01-30 17:27:21.843495,2026-01-30 17:27:21.952402,0 days 00:00:00.108907,32.30451620808573,85.46847275360675,16.78302237904548,-21.117992879819276,62.250859418591425,25.281054513970457,33.00976988519956,36.22935746736813,22.346791338097326,85.0,83.9707273902341,44.07017901159199,28.76295964672045,-35.884663105766094,52.13057858324992,80.7541441200341,12.3783706234775,42.64222181479373,14.630693182036964,10.0,Unfeasible shape,RandomSampler,PRUNED
3,3,8.752789505744843,2026-01-30 17:27:22.068758,2026-01-30 17:27:25.543151,0 days 00:00:03.474393,66.23355709824526,13.341095572345314,81.0401625881011,-72.91316533750185,56.011892249995185,84.67610275915834,57.53420124090811,48.00480572914124,15.38915581515855,95.0,87.8043395239272,87.09774903286332,24.641960782859535,-60.54982981499812,53.835610787152945,50.4766218057471,52.616542232385314,42.212846090974516,25.676532125665638,5.0,Unattained target,RandomSampler,PRUNED
4,4,9.900658548486497,2026-01-30 17:27:25.671221,2026-01-30 17:27:29.402795,0 days 00:00:03.731574,37.109693101232494,88.60853584169088,45.95219119173046,-65.08702468806663,47.3936307118497,77.00405001113916,56.522654711735264,35.219379329955025,14.377826707763187,100.0,21.118535044341108,70.79753353253369,19.04775115900852,-46.787673234932996,79.35555232322382,41.72106668773209,12.87529130851571,35.16692794718764,24.534068993190825,5.0,Unattained target,RandomSampler,PRUNED
5,5,13.793083104352505,2026-01-30 17:27:29.517669,2026-01-30 17:27:32.952368,0 days 00:00:03.434699,37.12811331365396,34.2732379046041,16.549370779503448,-45.70017606205445,97.4638643582555,37.5615180593971,40.45254788092107,48.61889331396763,22.315289446787766,115.0,50.98356913598898,12.580563161303186,66.80152804091409,-43.12947647903569,47.1820612156852,22.127580378279106,36.604661660994665,46.81249959366586,18.819469631680324,5.0,Unattained target,RandomSampler,PRUNED
6,6,6.0,2026-01-30 17:27:33.052567,2026-01-30 17:27:33.107071,0 days 00:00:00.054504,37.57526545463388,37.541571025226865,29.14458191090442,-37.000551262874616,60.8507432243141,93.35805170467172,85.34977460976467,40.61808428897497,26.75400234342195,70.0,84.32492746552379,37.71229731164469,92.0612443702495,-50.28530239547397,86.854306222866,31.263304933686452,80.83499444539792,42.61252627799037,23.157510040754694,10.0,Unfeasible shape,RandomSampler,PRUNED
7,7,7.429886185272892,2026-01-30 17:27:33.222212,2026-01-30 17:27:36.782015,0 days 00:00:03.559803,29.020491014532617,78.78711873984531,38.40873749689143,-78.25389892606127,80.52961444572554,90.33694176621525,27.912849046079064,37.188983662400375,19.62279833422982,100.0,67.66835392362151,34.467293277411216,61.358262031047175,-64.01258612376782,79.1306047817418,22.13581422413231,53.98656220952374,42.26964921739713,19.536918546160425,5.0,Unattained target,RandomSampler,PRUNED
8,8,6.0,2026-01-30 17:27:36.892021,2026-01-30 17:27:36.957360,0 days 00:00:00.065339,64.6602254953849,12.473279946929852,92.39075786095759,-52.64942782546365,80.26192177432817,41.647193684470444,46.63124219997412,40.91854609378817,11.322756760461496,80.0,80.19911568744625,82.96208606781349,65.41017076023009,-59.620359583417,52.375744157942165,78.98075429235287,48.27114373608622,38.51987591173666,25.450274858938144,10.0,Unfeasible shape,RandomSampler,PRUNED
9,9,6.0,2026-01-30 17:27:37.069781,2026-01-30 17:27:37.150931,0 days 00:00:00.081150,22.193688489035207,81.81661472269082,54.35670087617628,-26.591580500226264,24.31068955379121,82.16937473092635,25.020203973477816,39.804817810440674,28.81082084536083,120.0,31.27786080422586,77.42614996287483,66.04595851130605,-21.171743968201362,93.65721358959965,11.755943849393269,15.761605132946354,43.21677015575126,16.06155096653105,5.0,Unfeasible shape,RandomSampler,PRUNED
10,10,15.775886410307905,2026-01-30 17:27:37.257973,2026-01-30 17:27:40.815654,0 days 00:00:03.557681,34.44006575914962,65.48864056431847,29.778932836492714,-51.83712796515681,46.02274643338388,89.70084106047311,13.888742441732713,33.92661819588482,29.0901481737546,115.0,39.71473789357657,37.61204593671597,29.224400257502943,-34.382472784031464,57.272482485331295,76.75200377574721,52.37346705425903,48.543602870072476,13.194068140846563,5.0,Unattained target,RandomSampler,PRUNED
11,11,12.647577792126683,2026-01-30 17:27:40.925510,2026-01-30 17:27:44.411107,0 days 00:00:03.485597,12.066761686300847,80.84010282438575,53.68665710665799,-24.948757349615946,60.47971131802729,69.56165695834494,49.717845420443155,35.0284139049821,16.74852741621172,110.0,98.06302543564686,95.33043932163395,64.06594930082667,-41.690746972767855,69.83448286666336,46.50615608904001,41.14474988643282,30.280132352903358,29.081075413350433,5.0,Unattained target,RandomSampler,PRUNED
12,12,6.86412618454932,2026-01-30 17:27:44.531170,2026-01-30 17:27:48.061049,0 days 00:00:03.529879,91.57132647349387,10.945915712208317,52.32102051046843,-39.17007491568956,55.362183553137264,90.92885689665574,29.355725300642156,39.48001668322431,17.32174799251116,75.0,16.469230938748648,37.769193410273814,89.35076997552225,-69.5487198165402,57.652425419054794,42.32689252201049,22.428919788981652,37.188559542947864,13.289944808659,5.0,Unattained target,RandomSampler,PRUNED
13,13,5.715097854870322,2026-01-30 17:27:48.165838,2026-01-30 17:27:51.776475,0 days 00:00:03.610637,12.42677329468651,95.84488752362664,31.19103847221773,-42.44299319200879,34.656205380930245,75.35192977501576,42.3216781128998,40.21631225690041,24.47279894233679,75.0,56.27653061983966,76.9356911024864,26.015112087848564,-43.75730811692685,53.900678321509034,48.49366963309282,37.366062570643265,44.03296723288842,16.802515684101586,5.0,Unattained target,RandomSampler,PRUNED
14,14,6.0,2026-01-30 17:27:51.900496,2026-01-30 17:27:51.959896,0 days 00:00:00.059400,64.28600858345911,82.44474673820804,47.497427286842104,-49.84980302550993,65.40252548383918,81.00762565622696,60.18497292890094,33.882682935672854,14.45720468647629,100.0,28.91270329739346,78.58675072827013,91.20100286054668,-27.876511706543994,32.23784570996631,47.20139965048651,55.53036392078804,41.157835201011565,16.691846157477695,10.0,Unfeasible shape,RandomSampler,PRUNED
15,15,20.8266482323517,2026-01-30 17:27:52.105093,2026-01-30 17:27:55.626182,0 days 00:00:03.521089,72.70617822908963,94.56383074725717,37.549652377755265,-20.709620636755425,25.255804798538023,77.19938180021299,60.71604056578794,36.10119959293481,23.065129377060355,110.0,52.50829197122685,68.33291366314842,79.97378067123805,-71.9894543319704,86.94395776607318,88.39128235501859,51.39347559908279,33.25834704673483,16.501084551642098,5.0,Unattained target,RandomSampler,PRUNED
16,16,7.081235249718617,2026-01-30 17:27:55.750145,2026-01-30 17:27:59.493188,0 days 00:00:03.743043,27.19827550930452,42.95429582608499,31.663764314996744,-39.344587400794836,78.60952581868395,48.94231798938224,92.62640201268685,32.06057417300327,26.550267450258445,90.0,49.6324054918864,60.01411129563464,99.98475718690794,-64.86416682686355,90.99324147497083,60.31082879431559,44.85450194334191,40.19991508823736,24.13383056714715,5.0,Unattained target,RandomSampler,PRUNED
17,17,8.189106372371391,2026-01-30 17:27:59.604930,2026-01-30 17:28:03.119909,0 days 00:00:03.514979,10.871234234317383,32.34907330460941,15.75432895449559,-28.26687324935827,91.06892090460573,29.860057751913043,83.04161672115639,46.03075772305982,28.333541014256056,110.0,65.99675564974359,76.55804535471376,43.69115557735905,-49.59199006458999,34.98230970685727,40.64292756243179,17.253389235309736,36.46124570032634,16.22105818718534,5.0,Unattained target,RandomSampler,PRUNED
18,18,6.0,2026-01-30 17:28:03.231503,2026-01-30 17:28:03.289517,0 days 00:00:00.058014,94.40760851160175,51.42255062928719,60.56013935143346,-33.444152071095175,23.38597035700986,69.02299124416058,14.678925676919448,31.90761805114749,19.660365434745533,105.0,85.64029146391351,73.17629247325829,40.286106588997455,-34.13586359591214,42.25311873817323,62.37344029595835,89.5386166036904,47.17127008912348,18.309970310326484,5.0,Unfeasible shape,RandomSampler,PRUNED
19,19,6.0,2026-01-30 17:28:03.404749,2026-01-30 17:28:03.464877,0 days 00:00:00.060128,76.7610890246782,89.64689108127212,45.017045318030256,-27.01904341641668,68.1035144997422,10.590245204550822,59.413834523113096,46.79419224387842,18.954414734534353,80.0,91.04069073270674,33.04812752442977,80.45400800540776,-46.828389924486245,85.87970433085921,52.73904189229982,46.39772841438941,43.161108738616235,14.524307422830137,10.0,Unfeasible shape,RandomSampler,PRUNED
20,20,6.0,2026-01-30 17:28:03.574645,2026-01-30 17:28:03.619492,0 days 00:00:00.044847,68.96064233637074,32.25807821294893,80.50943047785474,-47.06829942326904,56.643068040586755,59.911063608752414,29.660972831675696,38.84430439530295,19.03972403379826,85.0,71.38627720161105,36.55150319500692,14.216771925935964,-44.72792213346633,44.01763751157509,10.659543341097185,46.14684528731202,41.189290684502154,10.398432076377189,5.0,Unfeasible shape,RandomSampler,PRUNED
21,21,6.0,2026-01-30 17:28:03.732299,2026-01-30 17:28:03.789806,0 days 00:00:00.057507,82.41653831876975,42.281036924054945,70.90645665568516,-34.62847415580052,37.05135954369189,65.85942053175711,25.206734011524127,32.841901781512476,13.948337364580139,90.0,21.654449903674006,72.08850283216196,64.07224006444352,-45.96607322433952,75.01622912452639,49.47624671712426,23.404876059837157,47.11394704012035,13.73731663555835,5.0,Unfeasible shape,RandomSampler,PRUNED
22,22,9.852366871155368,2026-01-30 17:28:03.914734,2026-01-30 17:28:07.384183,0 days 00:00:03.469449,45.198503769880254,70.77616429204656,80.47635729506104,-57.89135443965715,23.56071703356608,34.82141579471202,94.92460772925058,47.45222348027582,28.492137854615148,95.0,34.23854438685896,99.03972397462142,51.11603441550905,-62.25493917744214,58.867102136874,30.12678074652965,41.46872702574508,30.912284113274474,27.106386554772445,10.0,Unattained target,RandomSampler,PRUNED
23,23,14.774759837670643,2026-01-30 17:28:07.509340,2026-01-30 17:28:10.969082,0 days 00:00:03.459742,76.83005186609796,80.04349912422252,45.64556916520847,-57.99213242218769,43.95710849612164,30.53580545829576,94.70465571881486,35.99161916663731,26.573040712904177,120.0,57.73349372291298,80.99712306617465,36.62059241549757,-29.903111177081314,59.61987060722778,58.013301943863,84.8555970492353,34.0639517405309,16.5419026395035,10.0,Unattained target,RandomSampler,PRUNED
24,24,16.39754683595983,2026-01-30 17:28:11.087575,2026-01-30 17:28:14.623933,0 days 00:00:03.536358,36.81989966078151,22.31979852047803,87.54840867230114,-34.209469660147626,68.8199802881611,18.315646902698425,45.15329103696208,45.41272445056484,29.909777865011126,105.0,56.348457018771896,49.292245269468154,88.07309607940907,-79.99476547101736,75.2581690376619,42.48130910195786,35.967809075736824,38.51493581504631,20.357535418334237,5.0,Unattained target,RandomSampler,PRUNED
25,25,6.0,2026-01-30 17:28:14.733637,2026-01-30 17:28:14.790102,0 days 00:00:00.056465,68.63801343655292,65.63457708507028,39.510425788606405,-68.37964704841575,15.831063957985698,16.831606397005046,93.15896157129382,30.23046801898641,12.871459411952152,80.0,70.60993189856039,21.825727549455713,62.9199547990487,-54.97726394405068,30.372290920313716,53.477273503454256,33.24953780925833,48.819623274295665,12.642624126835187,10.0,Unfeasible shape,RandomSampler,PRUNED
26,26,6.6371869232955305,2026-01-30 17:28:14.898875,2026-01-30 17:28:18.393216,0 days 00:00:03.494341,28.093099782606174,21.54380924754205,31.870321845834024,-60.41561565087511,87.34146591797598,44.450172860607324,33.69111483893421,33.76435815350371,17.892039816405383,100.0,99.09538510621469,90.43156104386367,19.57374429347097,-56.95405430523692,33.41512597956387,60.09298519540241,34.87163376267287,33.917105667375175,29.889687203222067,5.0,Unattained target,RandomSampler,PRUNED
27,27,5.097364632101911,2026-01-30 17:28:18.513920,2026-01-30 17:28:22.008136,0 days 00:00:03.494216,92.32351485151268,92.00628935359963,10.729851704639325,-54.58949228453262,45.12714818039196,12.806513081841551,75.49960990068884,33.72717412663099,28.972121214897463,95.0,31.98331403244352,41.69691578767116,66.69458258475731,-35.42165054133107,68.0071245926583,48.396499384871674,94.61131247766531,30.585936461307888,26.600300229730067,5.0,Unattained target,RandomSampler,PRUNED
28,28,22.074797899705985,2026-01-30 17:28:22.134441,2026-01-30 17:28:25.607737,0 days 00:00:03.473296,33.69396694344492,26.924676521372394,45.36795058246962,-67.29151523587842,36.26282191670403,72.59529829984186,52.15560196796949,39.29477103945702,15.60477921016156,110.0,22.5587739854082,62.25939907403747,21.077043444669158,-74.93952646410877,57.09947859855958,83.19833939302113,33.31356175639921,42.91981664698507,22.66035585110278,10.0,Unattained target,RandomSampler,PRUNED
29,29,6.307209808624801,2026-01-30 17:28:25.723917,2026-01-30 17:28:29.370460,0 days 00:00:03.646543,17.61778021913738,32.14507253182479,76.85427985978657,-67.93984133882137,76.61893045903106,92.11827675556886,70.30988472040795,32.46570995966593,12.580197601025185,105.0,39.363829522620065,77.16092914897675,32.853712897209405,-22.146631085551725,32.8443396422878,21.965154935886346,79.8143826869377,49.92558477486995,12.48751276878587,10.0,Unattained target,RandomSampler,PRUNED
30,30,6.480787114564112,2026-01-30 17:28:29.479180,2026-01-30 17:28:32.887770,0 days 00:00:03.408590,94.0343819469285,55.290768942719346,49.27327363338898,-30.946571665193076,38.72205805624456,11.207287358943873,32.17081724565563,33.628586742598905,23.838518098274665,80.0,23.304194507061872,20.700576016383273,54.493419177153875,-34.73450699360918,78.01444662601908,29.812083410976463,53.40499164926958,45.28791341726875,15.989182638066382,5.0,Unattained target,RandomSampler,PRUNED
31,31,8.930334896264718,2026-01-30 17:28:32.997509,2026-01-30 17:28:36.549310,0 days 00:00:03.551801,92.39113220909799,75.7561904789397,52.73760885369265,-71.68022564229115,89.22616037577978,76.74961871157268,92.8255988109273,41.701798703521675,21.000183316579346,100.0,55.73521500560186,88.64462305860127,89.80136885920432,-56.1164294570399,99.55786431501664,14.23711386455896,79.61038687438338,31.499693426479823,15.471966258501935,5.0,Unattained target,RandomSampler,PRUNED
32,32,6.0,2026-01-30 17:28:36.667527,2026-01-30 17:28:36.757380,0 days 00:00:00.089853,92.82005423155574,42.57991603291118,49.53298274458544,-27.567848414629765,86.87781920148329,88.44510555758849,46.209423079104596,46.1429596502644,29.914920209574557,100.0,42.21825441816747,84.1864854321347,71.66942012644893,-65.54987866750375,73.78530916880337,54.745903223802316,63.71446809576969,33.047466398627904,29.39591072764454,10.0,Unfeasible shape,RandomSampler,PRUNED
33,33,5.982870752533412,2026-01-30 17:28:36.867566,2026-01-30 17:28:40.447289,0 days 00:00:03.579723,35.93177395977221,24.368016407144374,56.97207456720089,-63.77952717183635,94.76613261372064,65.32484193290084,53.95195185449022,41.46379725680573,12.832900045323035,95.0,31.619972934767606,38.317387925230356,27.849100974598468,-49.46602094329378,15.73212389900158,49.41303273109325,98.69316649368307,46.8935737367538,13.760236656389012,10.0,Unattained target,RandomSampler,PRUNED
34,34,8.626792484559612,2026-01-30 17:28:40.556990,2026-01-30 17:28:45.156769,0 days 00:00:04.599779,11.43601068029795,70.571520065805,90.90880551332943,-63.52925862700039,54.281079827229526,38.682428799472504,62.956760017662944,32.7700173727939,24.20394532807061,100.0,96.1794939774468,48.0059170230534,92.47346038794075,-21.687080348152037,62.33664364609898,14.43449537062551,24.163724477078937,39.44073616851202,21.355981989134314,5.0,Unattained target,RandomSampler,PRUNED
35,35,17.796144801542468,2026-01-30 17:28:45.310831,2026-01-30 17:28:49.700643,0 days 00:00:04.389812,59.31578418770813,55.228998622101095,17.82897275027775,-65.83355004984348,26.83706037699872,50.266446875472866,11.899142567591912,42.63073996182602,14.756878806287773,120.0,74.11044574597719,31.330267648435235,50.51946499335745,-47.9992993887865,90.6132401404864,43.80650681214036,99.47120099864972,37.458357112605434,26.516028857197583,10.0,Unattained target,RandomSampler,PRUNED
36,36,7.824197020856275,2026-01-30 17:28:49.880892,2026-01-30 17:28:54.706184,0 days 00:00:04.825292,89.24709623132198,68.49174095505347,95.22473013727988,-38.5332776180593,98.25145935694894,43.05405407075084,99.71700228430913,40.319404691848085,14.53931532275578,90.0,66.86745892908831,40.45416854651924,16.56537625628921,-77.08160064892179,31.11430038609919,69.41704580462026,79.00043549617614,33.517377038885115,16.012907764652688,5.0,Unattained target,RandomSampler,PRUNED
37,37,6.0,2026-01-30 17:28:54.890784,2026-01-30 17:28:54.956083,0 days 00:00:00.065299,74.94897208981004,71.07993413769063,89.83447467798979,-39.432473733826306,40.36539621911133,24.38184198584751,61.51948763187784,33.39261036912317,24.63435045389563,90.0,62.0644158045949,97.9972367317707,98.35778713001302,-48.98282247551411,26.49789581181167,80.04834427796989,40.45467509196155,49.62359462743936,12.807190754300983,5.0,Unfeasible shape,RandomSampler,PRUNED
38,38,6.0,2026-01-30 17:28:55.116281,2026-01-30 17:28:55.181008,0 days 00:00:00.064727,70.05486440210471,23.119994876268024,16.5618224957203,-67.2255770801069,72.80257293572357,32.53434013371768,98.71955152111745,32.8499197724639,26.02919460569491,105.0,25.358100317200652,78.04002495740302,73.95083753872206,-40.910429536299326,37.124851615846254,90.32179981394374,94.53485078682638,48.14831588954804,12.681838840846298,5.0,Unfeasible shape,RandomSampler,PRUNED
39,39,13.28291576275354,2026-01-30 17:28:55.328841,2026-01-30 17:28:59.545980,0 days 00:00:04.217139,22.784817559515115,93.60888240540771,70.64112351344238,-42.958191926936706,66.98215876871785,66.63581130676235,95.22752970377601,43.0345248214464,21.549376813411598,90.0,89.8620914996603,89.23346250945184,34.71969782212989,-68.07510931522354,66.84322022982703,17.76075927009738,53.80401711966291,44.47406057565461,20.709266131428578,10.0,Unattained target,RandomSampler,PRUNED
40,40,6.0,2026-01-30 17:28:59.664603,2026-01-30 17:28:59.726040,0 days 00:00:00.061437,79.94653635324103,96.30283240411279,49.333885980027304,-72.5393621785055,65.3421749664282,16.223483069723454,24.16138322355887,46.94999740849828,14.600111327606797,85.0,18.419992053363664,69.89909301128156,50.26847945385776,-30.942845687111927,62.65883150146151,72.85862237080295,79.04863645247372,49.76449207484522,10.465440366548826,5.0,Unfeasible shape,RandomSampler,PRUNED
41,41,7.441035656041855,2026-01-30 17:28:59.885821,2026-01-30 17:29:03.730416,0 days 00:00:03.844595,12.729405639974093,75.90666806030968,17.477849127864953,-59.214616833439734,82.50653276231037,92.54658453448245,74.34466670961099,42.813745069862264,22.49403953321115,85.0,83.89650880181813,80.26600202785903,53.5807900376758,-51.369195146527254,93.1857155096665,60.70986316862389,80.56469663848794,36.433513676257895,22.78670862078804,5.0,Unattained target,RandomSampler,PRUNED
42,42,6.0,2026-01-30 17:29:03.862493,2026-01-30 17:29:03.921891,0 days 00:00:00.059398,27.274006802740427,51.229402227431386,70.24085394864714,-48.80907345258941,60.98222543516968,25.526129179332397,48.85774428578082,38.069851562262144,19.837527851521344,115.0,92.81325552417458,56.78349482876612,65.00427086967213,-24.14889645336776,31.33100779517544,65.81693738389798,13.583423709816085,39.886359826242426,18.834691804639817,10.0,Unfeasible shape,RandomSampler,PRUNED
43,43,6.0,2026-01-30 17:29:04.050905,2026-01-30 17:29:04.115499,0 days 00:00:00.064594,83.3879398944398,36.37830982110377,32.48203877914474,-67.70620572680028,88.34310959398988,15.540399594728829,71.38643473522512,40.72854927140665,18.39782018197826,95.0,55.07625959809309,89.2008148865506,41.052634418214794,-21.378890598997586,83.94358377219717,91.58049860687632,32.95439885613309,31.081617514147137,25.71938729551227,10.0,Unfeasible shape,RandomSampler,PRUNED
44,44,8.45408095606141,2026-01-30 17:29:04.248438,2026-01-30 17:29:08.017109,0 days 00:00:03.768671,62.34495786026404,55.58350615948402,72.58981627053977,-45.43666087098811,61.00847389237657,71.13908988045675,80.9802430546185,31.51794945911555,24.287969973026605,105.0,28.314970595003285,84.66586718861134,39.84742130267413,-76.93030031601978,31.570232622514013,12.826571288136055,91.38519427337265,31.202745628323456,23.925487395751126,10.0,Unattained target,RandomSampler,PRUNED
45,45,19.12884592104195,2026-01-30 17:29:08.144225,2026-01-30 17:29:11.672055,0 days 00:00:03.527830,74.16045293103384,49.11172096750127,25.413383415953383,-45.917545095176024,65.31210635341725,24.167698092131186,57.0132372969934,39.92450608513403,23.20458603818818,115.0,15.93188730273788,83.79544718229128,99.33362006320621,-66.23881669594707,37.19843097642552,36.652686578764374,71.14729267340033,32.1459541768721,19.32396117001508,10.0,Unattained target,RandomSampler,PRUNED
46,46,6.292652819079379,2026-01-30 17:29:11.787120,2026-01-30 17:29:15.583738,0 days 00:00:03.796618,30.20503026067641,74.45207846775853,41.4081421014465,-33.57097672744774,98.77112540051617,50.12702590322493,95.672701947206,36.34053339097534,19.935312856584396,75.0,99.06374052213397,95.5177115452034,60.6575342379247,-47.8039385023042,77.69276279895671,15.411862272368344,13.659214903792051,46.46213226860013,17.544831502991805,10.0,Unattained target,RandomSampler,PRUNED
47,47,6.0,2026-01-30 17:29:15.713521,2026-01-30 17:29:15.786639,0 days 00:00:00.073118,31.13815258428007,14.386156265714854,23.32596309350631,-45.89332070171855,61.5717735568754,16.988741016906094,72.11745827555495,34.1301439796465,18.646575759696447,70.0,86.15905725891176,66.80521629885337,70.13464807361325,-68.81488479312785,85.1044777567881,87.58363971667325,63.08265918585412,47.525285265948796,18.111930383723163,5.0,Unfeasible shape,RandomSampler,PRUNED
48,48,5.36571196269858,2026-01-30 17:29:15.903293,2026-01-30 17:29:19.578644,0 days 00:00:03.675351,35.49778292807265,86.96761129772563,63.33753767048864,-31.56663755534283,87.61498537874333,65.47423970323993,87.65195365667792,37.63319263643407,18.197054212139907,75.0,94.84983820983332,20.41329061897277,24.73753076278117,-59.64574537520669,63.27261390847307,83.75016785091873,41.61238737441149,48.21072908048056,21.748230804937037,10.0,Unattained target,RandomSampler,PRUNED
49,49,15.81958213872057,2026-01-30 17:29:19.706237,2026-01-30 17:29:23.394525,0 days 00:00:03.688288,44.2215196249224,93.31755445063759,94.2919324801229,-66.81401822618835,64.90129962620884,89.04397286667546,80.48393950364427,49.99377795998409,16.534078555740233,110.0,99.01914692962713,37.621921515437464,35.776983145824246,-48.768489375626274,14.791956234721757,87.84650162186949,16.307934911941445,34.86501542928622,27.28441374661116,10.0,Unattained target,RandomSampler,PRUNED
50,50,36.58972180816076,2026-01-30 17:29:23.523155,2026-01-30 17:29:26.908927,0 days 00:00:03.385772,17.421840139874686,29.584637159521606,61.28601669741947,-23.330781397031103,60.024535219328584,96.56143091315087,50.64497422757767,30.931096708928475,12.183723804628745,120.0,64.06591844005949,54.76115894627054,49.41396943001054,-60.57558420730798,86.77463506936864,62.231949724740794,79.37612838209304,37.54811302115903,11.121550700295089,10.0,Unattained target,RandomSampler,PRUNED
51,51,5.607354394722982,2026-01-30 17:29:27.046149,2026-01-30 17:29:31.984051,0 days 00:00:04.937902,47.30306962701702,34.298976904583625,19.30362059131802,-23.351677903416004,59.82711167111075,39.31164817830559,20.13145560875148,34.45517229341603,24.65591112920568,110.0,48.792629560147944,14.619559458949931,11.475566267380348,-54.82810373757215,94.22285190014672,15.751830788834564,89.73825709813906,34.4854597675558,21.454408273502445,5.0,Unattained target,RandomSampler,PRUNED
52,52,11.379179800108666,2026-01-30 17:29:32.127090,2026-01-30 17:29:35.608846,0 days 00:00:03.481756,93.21650337513937,57.92297782832892,40.834258110917816,-46.493992950159544,49.12776794369219,63.375944079292545,65.99648512587295,43.23258821637965,10.993718077165845,100.0,79.70105138234884,87.99013386852452,75.91632805594413,-79.72595395281907,58.066328999361,91.93241105822703,24.305113186525993,35.13989859654578,24.171384748365696,10.0,Unattained target,RandomSampler,PRUNED
53,53,6.534607490167868,2026-01-30 17:29:35.736950,2026-01-30 17:29:39.208521,0 days 00:00:03.471571,83.51057039851939,49.9674801031268,85.00418806346123,-68.08336823814598,76.05836656574566,41.31513320957497,16.687826965659145,31.989143909256175,15.130319799166003,100.0,90.92474100136421,50.13067546324517,12.102091736955833,-69.9547643877478,47.982278565663535,67.94070620877949,92.0025556232011,39.917399461485765,20.372163113165726,10.0,Unattained target,RandomSampler,PRUNED
54,54,5.030978924693834,2026-01-30 17:29:39.330898,2026-01-30 17:29:43.879358,0 days 00:00:04.548460,25.10584333472397,71.7615567484986,75.84290899843799,-51.06537111485496,62.42001492873673,38.12104279289627,25.103242044814603,35.48601139893039,22.208991405779173,90.0,35.36821279297877,29.747256858695554,19.02880180066512,-60.59209146886013,13.890242586375772,18.596981587069777,44.68876709591322,48.31964950697643,19.739018848267936,5.0,Unattained target,RandomSampler,PRUNED
55,55,5.266522026797439,2026-01-30 17:29:44.003059,2026-01-30 17:29:47.749462,0 days 00:00:03.746403,33.264540531942735,43.386389061875846,59.70516311941297,-56.03723934237617,43.66494394158645,66.67609146520546,46.368188362261336,33.83982940268491,15.17166376790382,85.0,30.373230378616928,46.24478228976777,46.23658056006107,-20.028855649106823,26.852329376799563,16.424147177149155,65.7676050933669,30.885803678866473,17.13485808417753,10.0,Unattained target,RandomSampler,PRUNED
56,56,6.0,2026-01-30 17:29:47.883129,2026-01-30 17:29:47.949231,0 days 00:00:00.066102,12.03856109058045,82.65792598612059,33.976043522423396,-49.64435858892685,96.18253010062301,32.63599491707208,89.99364845752858,47.39591776453914,19.68117514263747,115.0,31.92388703299937,35.918376679492766,88.12146818661724,-40.15380825366893,96.62368422867306,71.3456391003773,74.32308837735435,35.87068567513873,10.081017801864196,10.0,Unfeasible shape,RandomSampler,PRUNED
57,57,7.895368040060578,2026-01-30 17:29:48.085660,2026-01-30 17:29:51.767819,0 days 00:00:03.682159,39.63739289234135,77.47304838936907,61.8538453228572,-29.40427757016088,65.67758124801067,26.305401177238213,16.26019921717275,36.01759873959886,14.948697552471653,80.0,58.294395363564895,70.86727912639984,40.215336988289295,-66.98874916121231,29.104470825022755,49.89681361503535,36.63681648954088,48.596283327766855,10.804927381195995,5.0,Unattained target,RandomSampler,PRUNED
58,58,6.0,2026-01-30 17:29:51.945575,2026-01-30 17:29:52.017593,0 days 00:00:00.072018,36.70565635421207,92.73251523666532,95.88571937199272,-74.05408252287285,38.176508669937014,13.819861439797585,18.012158480413994,36.46117016106049,25.26296218302199,70.0,29.46687765971556,57.94179691730128,85.35479512438022,-36.590752350369534,37.74013313082324,79.6879774819424,68.62585344232991,45.54340673310193,29.734918963699535,5.0,Unfeasible shape,RandomSampler,PRUNED
59,59,18.56574252767387,2026-01-30 17:29:52.147696,2026-01-30 17:29:56.117339,0 days 00:00:03.969643,33.65795888292061,29.66508420033168,44.17953943246426,-42.05447881997004,87.23991058204125,84.84046717574606,95.74942436704721,45.38610549601176,12.300133284902806,75.0,99.56072302560156,90.70826470366256,47.72735916396363,-63.21685043232073,88.70985074794235,80.66250353450182,50.1937894079731,34.7281574137377,15.760681652796517,5.0,Unattained target,RandomSampler,PRUNED
60,60,19.024392507995813,2026-01-30 17:29:56.240457,2026-01-30 17:29:59.877235,0 days 00:00:03.636778,38.70583738049913,65.63788373081941,51.418012162735344,-78.31166090127324,18.789017766413544,71.00762086765326,59.360297161526255,33.28822601873463,23.209839832183135,120.0,96.58053159219423,20.989655166444777,72.22840428613347,-73.5504311369872,55.717224223777514,11.372972543029565,28.19364966714995,45.63733726780396,14.268095076627468,10.0,Unattained target,RandomSampler,PRUNED
61,61,15.483673628753834,2026-01-30 17:30:00.020657,2026-01-30 17:30:03.686518,0 days 00:00:03.665861,99.56304707758035,33.16829955753184,87.5961532467802,-60.96998920937753,78.01374980608863,59.33803749827442,12.123683278268675,32.47072520666402,23.2434497172139,105.0,62.42454893582659,53.41562712562879,64.85408299055783,-70.53591311231412,13.513925897573294,77.57732653352468,91.19903022903797,32.37201239970784,17.914095645343878,10.0,Unattained target,RandomSampler,PRUNED
62,62,6.0,2026-01-30 17:30:03.818913,2026-01-30 17:30:03.886727,0 days 00:00:00.067814,46.16554176082689,65.04311936301204,95.3031956473072,-34.49572031237153,77.91631265804241,36.75800145351873,64.29611804510796,43.59116551471877,12.573825088426194,95.0,94.02498991303125,77.01232478782387,95.88764601945196,-59.43221785525836,30.157357280300225,47.263411586526125,99.97897455049538,49.86008874411817,25.491177138536308,10.0,Unfeasible shape,RandomSampler,PRUNED
63,63,7.97492304777661,2026-01-30 17:30:04.016648,2026-01-30 17:30:07.476682,0 days 00:00:03.460034,21.308694029215616,72.53437378917445,40.22931676689661,-77.30552325099445,92.95263906205875,84.92470688244006,13.527563612935028,49.90535457612716,15.93402059599258,70.0,77.75589306853553,86.34121479121328,70.03097476250599,-79.28589946612969,11.056816275478964,71.27833734139938,80.40296938266886,45.197880089859154,18.25903681432423,10.0,Unattained target,RandomSampler,PRUNED
64,64,6.0,2026-01-30 17:30:07.606446,2026-01-30 17:30:07.672014,0 days 00:00:00.065568,80.00202786689029,72.03015818302495,68.76928196005392,-45.79606213399822,38.43261971612151,54.88820797310896,83.38430309911008,34.64824843608274,28.693050378696775,115.0,81.89439817868877,55.816381631287705,96.114494271175,-41.100086187630886,30.811471434698866,54.43751198144385,54.315347466417464,45.67319142460644,13.870051971290923,10.0,Unfeasible shape,RandomSampler,PRUNED
65,65,15.486943963907748,2026-01-30 17:30:07.787507,2026-01-30 17:30:11.090012,0 days 00:00:03.302505,59.77226823321439,26.20866895668783,11.403817985011575,-26.794323884331362,66.76707939845114,43.547778522996495,89.77465541052963,46.42074742328591,14.160355140432642,115.0,46.78034961630355,22.70114872508332,52.63425203929244,-70.51299496516667,27.324170960616097,53.03612152093071,57.051313964046436,34.220807869667844,23.617789016982254,5.0,Unattained target,RandomSampler,PRUNED
66,66,6.0,2026-01-30 17:30:11.224552,2026-01-30 17:30:11.283671,0 days 00:00:00.059119,13.46723138742865,72.69607350525074,15.418543535032965,-50.48634577972538,20.850576407850575,92.4561018624647,94.87796027556197,36.374721727733906,22.196999287784603,105.0,36.02191504417662,17.41630853968858,74.55910230684586,-66.42998290959352,23.11721703087699,45.94457173767322,94.21626642941003,32.82303948431738,21.81742923054027,10.0,Unfeasible shape,RandomSampler,PRUNED
67,67,7.157025271656899,2026-01-30 17:30:11.418148,2026-01-30 17:30:15.076173,0 days 00:00:03.658025,66.82162508786325,79.90527048776094,89.75216315133747,-25.064167465552266,54.818384383162865,16.058936238000655,39.46360948481362,35.46247462452421,12.778785292830692,110.0,86.58063743842553,23.008055649199125,50.03688735773766,-50.668580707797936,27.403897236654736,20.132351128338783,99.42880275424449,39.85869269784161,24.211861045808163,5.0,Unattained target,RandomSampler,PRUNED
68,68,12.051367098987065,2026-01-30 17:30:15.220918,2026-01-30 17:30:19.285496,0 days 00:00:04.064578,42.487353190889095,84.3852278104162,56.92777435375442,-68.92877500140204,77.58077431921056,23.80484406648702,67.55985709258516,33.24432415197087,28.432792465638506,85.0,46.59071540251376,99.53317623340669,55.595672156035164,-47.68214715784149,89.77736103791143,14.804489475124809,72.01492347920674,42.463881116387405,29.59632768180848,5.0,Unattained target,RandomSampler,PRUNED
69,69,6.0,2026-01-30 17:30:19.412842,2026-01-30 17:30:19.509740,0 days 00:00:00.096898,21.172188064316266,84.44054619990361,76.33731549158077,-22.741048785299135,17.51477943788676,95.52204530391006,13.616441476733618,43.30231646352064,27.822808065165063,80.0,16.658280018731134,71.20284980097753,63.46568293756456,-26.808010491631286,42.690890617269474,26.663080730314963,37.8972401008762,34.15190907084614,29.050007031700517,10.0,Unfeasible shape,RandomSampler,PRUNED
70,70,0.2024578615610899,2026-01-30 17:30:19.644094,2026-01-30 17:30:25.005617,0 days 00:00:05.361523,70.11436410202131,36.56198421011429,15.810839786207847,-67.64496831317328,99.47753126812881,18.922851979824106,87.70399809523559,44.36675389958433,23.45684184797182,70.0,68.15029782375954,32.02364660792949,18.898028824909648,-53.929510207994596,81.60580187587118,27.295875597245832,24.09894407745085,41.89572843506098,23.05411106616539,5.0,,RandomSampler,COMPLETE
