,number,value,datetime_start,datetime_complete,duration,params_highPt.rA2,params_highPt.rL1,params_highPt.rL2,params_highPt.rL3,params_highPt.x2,params_highPt.y2,params_lowPt.rA2,params_lowPt.rL1,params_lowPt.rL2,params_lowPt.rL3,params_lowPt.x2,params_lowPt.y2,user_attrs_prune,system_attrs_cma:generation,system_attrs_cma:optimizer:0,system_attrs_cma:optimizer:1,system_attrs_cma:optimizer:2,system_attrs_cma:optimizer:3,system_attrs_cma:optimizer:4,state
0,0,8.75834516943933,2026-05-11 21:41:17.814542,2026-05-11 21:41:34.564873,0 days 00:00:16.750331,-65.77189661435943,45.37660640454394,13.252080321832446,42.72330854143223,40.18114226289635,35.48184438675935,-69.28850586239503,99.9397810623118,24.089785739154735,74.807027808539,28.01974247083486,64.9822597888786,,,,,,,,COMPLETE
1,1,8.760903165751117,2026-05-11 21:41:36.347246,2026-05-11 21:41:49.670647,0 days 00:00:13.323401,-33.78681834864992,42.71177168004218,72.55112166013346,40.69450229086372,25.560241910478087,36.216457605528824,-59.337661522422486,43.54176441189104,43.95843952752015,49.695364243188855,27.946470995543315,17.438114824893233,,0.0,,,,,,COMPLETE
2,2,140.0,2026-05-11 21:41:51.330623,2026-05-11 21:41:51.565688,0 days 00:00:00.235065,-57.456909406242,73.53683385238631,68.56375966313826,57.59496677560498,41.48370699221668,34.537306532618004,-50.06691611798075,48.57410278025505,59.971529143792694,72.2726396684283,56.03109247110963,41.252855051721994,Unfeasible shape,0.0,,,,,,PRUNED
3,3,8.759642015086662,2026-05-11 21:41:51.687552,2026-05-11 21:42:05.296776,0 days 00:00:13.609224,-38.79310511010847,61.912267400761614,69.1477726952597,86.36991750890212,30.06841236567826,48.402376341232376,-41.559939702537896,47.025022959750984,49.18479976741863,63.076972366229064,23.14209715130806,45.29267667677114,,0.0,,,,,,COMPLETE
4,4,140.0,2026-05-11 21:42:07.102025,2026-05-11 21:42:07.321618,0 days 00:00:00.219593,-48.004525593979395,79.33057157820801,41.53612012086518,69.61203004010872,28.00484018148715,50.67143946210192,-45.00196763597677,61.88084637053778,48.25157055494533,34.63327349836913,42.29235921986941,48.224433415296495,Unfeasible shape,0.0,,,,,,PRUNED
5,5,140.0,2026-05-11 21:42:07.446187,2026-05-11 21:42:07.681265,0 days 00:00:00.235078,-56.58323347615641,58.962590893977264,58.21566960663492,60.56678000820689,53.40071689751152,25.814100739482104,-40.53227214270753,76.38730872863827,54.115016451426456,80.28869667399526,46.658064632057716,11.426855866681182,Unfeasible shape,0.0,,,,,,PRUNED
6,6,8.760375182782028,2026-05-11 21:42:07.798814,2026-05-11 21:42:23.829323,0 days 00:00:16.030509,-69.25332610165461,41.7071074813818,55.419018241379064,28.20022970325561,46.32581196600178,44.34858393478617,-42.55994114937695,48.817848528456,58.66797871517158,37.78982703403653,23.995757944941833,35.53677118749493,,0.0,,,,,,COMPLETE
7,7,140.0,2026-05-11 21:42:25.668769,2026-05-11 21:42:25.906106,0 days 00:00:00.237337,-46.14507850515894,71.30344543800065,55.89141464993205,62.65887572361024,40.765163087769224,55.79270935661933,-50.8384289241464,42.74328329420297,46.08219710638753,49.51766762457442,44.874577879257856,44.256264568328575,Unfeasible shape,0.0,,,,,,PRUNED
8,8,8.75717649151008,2026-05-11 21:42:26.020495,2026-05-11 21:42:41.812290,0 days 00:00:15.791795,-60.212688405240414,27.829708032483257,75.60642405599386,46.15505553693932,41.43665651259889,33.41993358198508,-56.65752782600951,75.43265760134751,79.38184580646502,22.865097074066913,40.43320076017112,46.60358297339749,,0.0,,,,,,COMPLETE
9,9,140.0,2026-05-11 21:42:44.043270,2026-05-11 21:42:44.265980,0 days 00:00:00.222710,-53.10494873283624,55.614265690398895,57.9920181741283,56.341206898033235,60.766708759216066,46.20582292813689,-53.65262113875331,56.90722985851091,76.517493592127,83.85619798014682,41.01814314254459,38.097238182934994,Unfeasible shape,0.0,,,,,,PRUNED
10,10,140.0,2026-05-11 21:42:44.394589,2026-05-11 21:42:44.638931,0 days 00:00:00.244342,-48.88987543931902,61.7798150693484,37.116180745132446,48.820778721576325,41.127055825482245,52.010475917659456,-43.28259909488427,71.90784832051231,32.98265754136638,47.710931349441054,47.30430992150181,59.567195486245375,Unfeasible shape,0.0,,,,,,PRUNED
11,11,140.0,2026-05-11 21:42:44.748574,2026-05-11 21:42:44.975286,0 days 00:00:00.226712,-50.99558588825612,47.278024844200125,30.363557605999244,61.80711557910853,47.379437967459836,55.51799166277529,-45.515859235078615,48.02195401146522,65.22724163361816,43.38700863291894,62.90464126864123,21.90690048417567,Unfeasible shape,0.0,,,,,,PRUNED
12,12,8.762047784176723,2026-05-11 21:42:45.093807,2026-05-11 21:42:58.485175,0 days 00:00:13.391368,-50.00372227825811,58.237944283607646,59.80583517066446,60.964451408497304,28.897737406753095,22.7375910282115,-46.2307649807398,59.309487945300404,32.15168705544946,58.56036731795863,35.40669554008042,38.57598253073066,,0.0,,,,,,COMPLETE
13,13,8.760613351204299,2026-05-11 21:43:00.214036,2026-05-11 21:43:13.629423,0 days 00:00:13.415387,-38.03698258580696,48.362704294341086,56.332651646538906,25.954988405605793,27.478587536477878,23.135744323581562,-48.13501249890136,64.26567394210505,83.70857214910839,51.39809992424488,18.6932986263212,36.979049962496205,,0.0,,,,,,COMPLETE
14,14,140.0,2026-05-11 21:43:16.042954,2026-05-11 21:43:16.291570,0 days 00:00:00.248616,-53.23028235316039,58.66768707490403,42.64082624357515,89.92694197571285,50.16271510335305,48.18950238234953,-46.10005967018025,22.268614004408526,79.91674577694661,49.61301815887955,31.07412207351389,50.87139066133957,Unfeasible shape,0.0,,,,,,PRUNED
15,15,140.0,2026-05-11 21:43:16.426705,2026-05-11 21:43:16.706306,0 days 00:00:00.279601,-42.23846911407848,57.54465016948336,41.68957632564087,57.911695019728896,52.427400551325604,24.611286892477587,-39.078121833208016,46.60377074081435,59.751568029078136,72.22777093235482,40.14518501349597,52.463564833119214,Unfeasible shape,0.0,,,,,,PRUNED
16,16,140.0,2026-05-11 21:43:16.842845,2026-05-11 21:43:17.074397,0 days 00:00:00.231552,-39.93616586923828,55.36477118348045,48.60040557076017,49.41706076785361,53.118320163907654,42.229227475157685,-39.374276016018705,45.0096401120174,99.64224746791237,57.64332464590377,40.88227327505159,64.19157351677417,Unfeasible shape,0.0,,,,,,PRUNED
17,17,8.760063134805812,2026-05-11 21:43:17.211078,2026-05-11 21:43:30.661375,0 days 00:00:13.450297,-52.21807584879824,56.19503057639212,58.12657208622753,52.778311348025156,26.19426475212511,24.48973606145607,-46.95336793914576,27.45934286966902,67.84454123762526,61.94267562120871,33.04851208159058,33.63166454119884,,0.0,,,,,,COMPLETE
18,18,8.765979833099166,2026-05-11 21:43:32.460891,2026-05-11 21:43:45.553889,0 days 00:00:13.092998,-48.08897682089529,53.90753220458846,41.648833436268475,51.38685856616897,41.771370552442015,39.99155700602172,-55.87926156024939,64.04585687920792,71.993151424513,50.03187141725529,5.355205353452619,36.42407587547209,,0.0,,,,,,COMPLETE
19,19,140.0,2026-05-11 21:43:47.459453,2026-05-11 21:43:47.684216,0 days 00:00:00.224763,-50.54099956609456,59.8563802060402,34.78128020833054,44.89920159109798,29.596892757352368,32.29719811514504,-50.007624069747926,52.97169146937662,49.54792237997703,41.65811882309494,50.42550943200455,43.808021538427866,Unfeasible shape,0.0,,,,,,PRUNED
20,20,140.0,2026-05-11 21:43:47.803196,2026-05-11 21:43:48.045353,0 days 00:00:00.242157,-47.62449946232101,43.78314365610424,63.74886642969892,55.440247201741904,18.05819299621449,49.62314224056652,-66.78909377584328,49.484365811057366,58.43680363061672,61.07786942593333,40.10152104051831,34.80852043588921,Unfeasible shape,0.0,,,,,,PRUNED
21,21,8.766060630260547,2026-05-11 21:43:48.159547,2026-05-11 21:44:04.273918,0 days 00:00:16.114371,-62.165008691678494,41.09124407291314,37.98694795859423,60.01780437986269,51.669397547207325,43.46574110315539,-48.52137832849682,73.90841787979508,58.74431053331988,66.01683127450258,36.85521014309681,40.694868311406296,,0.0,,,,,,COMPLETE
22,22,140.0,2026-05-11 21:44:06.200184,2026-05-11 21:44:06.448949,0 days 00:00:00.248765,-42.938777216564915,34.426757854210805,51.61623912382058,37.61567665114441,33.850488008152524,30.678097000951297,-47.034822009919324,65.14287568408473,78.1909198848684,59.41048899662097,59.051956512802235,21.579672206557234,Unfeasible shape,0.0,,,,,,PRUNED
23,23,140.0,2026-05-11 21:44:06.585164,2026-05-11 21:44:06.820793,0 days 00:00:00.235629,-58.90294098509026,72.38229110449677,70.15132739130595,39.71805772944087,62.22031936651175,44.969849311741136,-43.68819442874174,39.48793876471969,73.59806352859135,76.8685443248372,28.173776567777548,40.11468155315547,Unfeasible shape,0.0,,,,,,PRUNED
24,24,8.762411076309576,2026-05-11 21:44:06.968343,2026-05-11 21:44:20.334832,0 days 00:00:13.366489,-47.80135225491692,53.605058340395004,54.497889640722704,66.87412917593255,29.344360377528815,45.339432774850934,-59.32533628515863,55.18210954958902,50.758828629309626,51.90441578189643,49.1762392980006,29.114223985159658,,0.0,,,,,,COMPLETE
25,25,8.76330136190225,2026-05-11 21:44:22.067103,2026-05-11 21:44:37.146134,0 days 00:00:15.079031,-41.155635216099874,73.37895519777621,60.7939566888947,70.42467661994573,42.824896270363894,41.93832699967453,-44.95061424151275,30.09175296621344,51.18857530229074,20.274817160884957,20.931205705306624,48.469832040509026,,0.0,,,,,,COMPLETE
26,26,8.758721964819117,2026-05-11 21:44:38.787647,2026-05-11 21:44:54.333588,0 days 00:00:15.545941,-43.61779331245552,40.038612342060695,76.53603109669154,47.92738810155706,11.809719404129925,24.99447206735782,-43.57627438806997,50.77788180878749,61.694043448865735,23.691271393160463,22.678258217128157,36.15809280960231,,1.0,80049584100000000000008c0a636d6165732e5f636d61948c03434d419493942981947d94288c065f6e5f64696d944b0c8c085f706f7073697a65944b0b8c035f6d75944b058c075f6d755f656666948c166e756d70792e5f636f72652e6d756c74696172726179948c067363616c61729493948c056e756d7079948c0564747970659493948c02663894898887945294284b038c013c944e4e4e4affffffff4affffffff4b007494624308e9e8100774510b4094869452948c035f636394680b681143083e6c7d43b18cd03f94869452948c035f633194680b681143089fc67c4e93b7863f94869452948c045f636d7594680b68114308b90fbeb98d89913f94869452948c085f635f7369676d6194680b681143088289198da8f9d03f94869452948c085f645f7369676d6194680b68114308606246236a3ef43f94869452948c035f636d944b018c065f6368695f6e9447400b25064571943c8c085f776569676874739468098c0c5f7265636f6e737472756374949394680c8c076e6461727261799493944b0085944301629487945294284b014b0b85946811894358538e214ba67ddb3f2c5e47761ddbd03f4c60b4a91145c53f18b8b48552e2b83f8daa7d42f660a63f00000000000000009bd0b4761a8dc0bf5806fa0273e3cebff539783e76c4d5bfddd50bc2786cdbbf0820f98e2d45e0bf947494628c085f705f7369676d6194682f68314b008594683387945294284b014b0c85946811894360a6de0ca6104ad9bf75f2f3d46d0aeebfb0cf560bcda4f13fadf9b3c064bd923f657368279e24c6bf8dbabb5830ceb9bfbc53e03823a2b53f9d6d9f8e8a5dc43f5274522fa5f6f03f0141bebc2784f0bf0162518aaa50e1bf6e22d905cc62e03f947494628c035f706394682f68314b008594683387945294284b014b0c8594681189436014dd13c49f04d9bf14bb90fbf0b7edbfc0e164895a74f13fe9f8dec6ef89923fca78dbead0e7c5bf7a5e96ab5487b9bf581f2244bc66b53f7395c5e59e25c43f7d4275e210c8f03fc5598ccfcd56f0bf496c1c0e1f21e1bf63a785b1cd35e03f947494628c055f6d65616e94682f68314b008594683387945294284b014b0c85946811894360773cc8b530a3dc3f965cc112eb02d83f06297d0422b1e43f0a7d9fffee13e03f9e4ecb732487de3f456bafda6724df3f6185f3b70b5ce03fe399ff3e4dade03f2a057807d282e43f209175344037d73f9a09199f3d65db3f38150b7cc02de23f947494628c055f635f316494682f68314b008594683387945294284b014b4e859468118942700200006039941d3de9ef3ffd0236019f1f603f88efc8dd34449ebf410d9889b4f2923f9b0fc84e59b8873fef8b8321b5a7833faaea0d02b79c853f8ef981f13efc903ff17e849598148dbf476acfd,8066ea93f7c921cbe46f36c3ff1f05e9f46e352bf417141eb4f44f03fbbb92040b044a7bf6e069b6e84838c3fee68e58baf9c7f3f28cf4446536c8a3f857fe1fa5b49773f5fa1e55e9c99743fb0d146bdadd19bbfccbeba3a0a6fb03f159136a1f1c5813f15bf96e53c9d90bff930f8e94714f03f0c2fc74cf72c703f82278813af35933fc288f843b92a833fa79cad3973bc79bfae0e363bf33fa43f05e0babd3d9da63fff1ecf7ed25693bf353fad70c8549cbf0061a75c01a5913f64fd948fe43af03f1421124df05478bf2267c96d0f62663ff016d9855eca893f9411b0386eab7cbf46758816dbd076bf42ac50832c1d9b3fb39406d883c78dbfe851fdcc829b723f494bcd00174fef3fa1ce09ef7f467cbf22e08f00be8d88bf9bd304d37c6682bfb9d85eea38698fbf557351a4efcb8bbf38bad4d42a72983f989a077fa6eb86bf8fd26ee339beef3ff0a1476a561b8c3f6b56648c1f0a78bf9e49332452f495bfb9fc6b107980823f57bd2f967bfe72bf79b499378b3d703f7288e76dc0b6ef3fde8fcde9875d7abf9d24bb81ee6b55bf0b43bbb2ad1d843fe483ff0404e37abf5f0e88e612c189bf7b62c3919791ef3f29853467c26e753fc7258833fa9bacbf9c1bc1558cd0853f47b2b2b3c40f873f6f38858aa72bf03f2c57d548bce1a3bfa867b73bfd82963f1ecd36853a76883f51847a9d7c3cf03f7429932929f091bfb81f7491e56e86bf12315a5113e4ed3f42fc8aac31097f3fbb04633428f2ef3f947494628c065f7369676d6194680b681143088201037d88e1c33f94869452948c025f44944e8c025f42944e8c075f626f756e647394682f68314b008594683387945294284b014b0c4b02869468118943c00000000000000000000000000000f03f0000000000000000000000000000f03f0000000000000000000000000000f03f0000000000000000000000000000f03f0000000000000000000000000000f03f0000000000000000000000000000f03f0000000000000000000000000000f03f0000000000000000000000000000f03f0000000000000000000000000000f03f0000000000000000000000000000f03f0000000000000000000000000000f03f0000000000000000000000000000f03f947494628c115f6e5f6d61785f726573616d706c696e67944b788c025f67944b018c095f6c725f616461707494898c065f616c70686194473ff66666666666668c0a5f626574615f6d65616e94473fb999999999999a8c0b5f626574615f5369676d6194473f9eb851eb851eb88c065f67616d6d6194473fb999999999999a8c065f456d65616e94682f68314b008594683387945294284b014b0c4b0186946811894360000000000000000000000000000000000000000000000000000000000000000000000000,000000000000000000000000000000000000000000000000000000000000000000000000000000000000000000000000000000000000000000000000947494628c075f455369676d6194682f68314b008594683387945294284b014b904b018694681189428004000000000000000000000000000000000000000000000000000000000000000000000000000000000000000000000000000000000000000000000000000000000000000000000000000000000000000000000000000000000000000000000000000000000000000000000000000000000000000000000000000000000000000000000000000000000000000000000000000000000000000000000000000000000000000000000000000000000000000000000000000000000000000000000000000000000000000000000000000000000000000000000000000000000000000000000000000000000000000000000000000000000000000000000000000000000000000000000000000000000000000000000000000000000000000000000000000000000000000000000000000000000000000000000000000000000000000000000000000000000000000000000000000000000000000000000000000000000000000000000000000000000000000000000000000000000000000000000000000000000000000000000000000000000000000000000000000000000000000000000000000000000000000000000000000000000000000000000000000000000000000000000000000000000000000000000000000000000000000000000000000000000000000000000000000000000000000000000000000000000000000000000000000000000000000000000000000000000000000000000000000000000000000000000000000000000000000000000000000000000000000000000000000000000000000000000000000000000000000000000000000000000000000000000000000000000000000000000000000000000000000000000000000000000000000000000000000000000000000000000000000000000000000000000000000000000000000000000000000000000000000000000000000000000000000000000000000000000000000000000000000000000000000000000000000000000000000000000000000000000000000000000000000000000000000000000000000000000000000000000000000000000000000000000000000000000000000000000000000000000000000000000000000000000000000000000000000000000000000000000000000000000000000000000000000000000000000000000000000000000000000000000000000000000000000000000000000000000000000000000000000000000000000000000000000000000000000,0000000000000000000000000000000000000000000000000000000000000000000000000000000000000000000000000000000000000000000000000000000000000000000000000000000000000000000000000000000000000000000000000000000000000000000000000000000000000000000000000000000000000000000000000000000000000000000000000000000000000000000000000000000000000000000000000000000000000000000000000000000000000000000000000000000000000000000000000000000000000000000000000000000000000000000000000000000000000947494628c065f566d65616e944700000000000000008c075f565369676d61944700000000000000008c095f6574615f6d65616e94473ff00000000000008c0a5f6574615f5369676d6194473ff00000000000008c055f746f6c7894680b6811430816383daccc74473d94869452948c075f746f6c787570944740c38800000000008c075f746f6c66756e94473d719799812dea118c105f746f6c636f6e646974696f6e636f76944742d6bcc41e9000008c0d5f66756e686973745f7465726d944b2b8c0f5f66756e686973745f76616c75657394682f68314b008594683387945294284b014b56859468118942b0020000300ec57b75020000b034c47b75020000f0ab18a3ac832140c47153193988214030e7c47b75020000b0e6c47b75020000308fc47b75020000d010c57b750200004011c57b750200003036c47b750200001008c57b750200001094c47b750200003032c47b75020000b011c57b75020000c09ac57b7502000030804a7e75020000b0e3c47b75020000f0e0c47b75020000a0a1c57b75020000f0a1c57b7502000070e1c47b750200005090c47b7502000030804a7e75020000f0dbc47b75020000b0e7c47b75020000b032c47b75020000200bc57b75020000f095c47b7502000030804a7e7502000030d3c47b7502000070d3c47b75020000b022c47b75020000b024c47b75020000209fc57b7502000030804a7e75020000302cc47b75020000b02cc47b75020000302dc47b75020000b031c47b7502000030dbc47b7502000030804a7e75020000f0e1c47b7502000070d6c47b75020000302ac47b750200003034c47b750200003037c47b7502000010a0c57b75020000b02bc47b75020000b033c47b750200003035c47b75020000b0a0c57b75020000b036c47b750200003024c47b75020000b027c47b7502000060a0c57b750200003038c47b75020000b037c47b750200003026c47b750200007094c47b7502000030804a7e75020000b0d3c47b75020000b0d4c47b7502000030804a7e75020000509cc57b75020000409dc57b7502000030804a7e750200009012c57b75020000909dc57b750200003080,4a7e75020000b038c47b750200003030c47b750200003039c47b750200007091c47b75020000f0d4c47b75020000e09dc57b7502000030804a7e75020000303ac47b7502000030d5c47b7502000030804a7e75020000b039c47b75020000f08fc47b7502000030804a7e75020000908fc47b75020000b03ac47b7502000030804a7e750200005014c57b750200009474946275622e,COMPLETE
27,27,140.0,2026-05-11 21:44:56.112302,2026-05-11 21:44:56.353584,0 days 00:00:00.241282,-57.251105282330286,43.462815685256565,60.710134708349614,51.26060005553499,24.064075674852887,33.7545858069259,-56.5749176671843,47.09594106288454,67.96587516571924,67.60857129445031,38.43665209557215,45.09656111856448,Unfeasible shape,1.0,,,,,,PRUNED
28,28,8.754789774462068,2026-05-11 21:44:56.490175,2026-05-11 21:45:10.110598,0 days 00:00:13.620423,-54.35122175661054,60.51944399388957,79.24447985948176,66.79816982092476,19.31506667926754,8.624317807248902,-57.043173142959844,39.60164289564467,80.11445126797804,23.401999368431383,24.91588700820034,34.85146110213152,,1.0,,,,,,COMPLETE
29,29,140.0,2026-05-11 21:45:12.759445,2026-05-11 21:45:13.062051,0 days 00:00:00.302606,-57.0918085394111,19.511751173857565,76.74783847061022,45.45974465602218,29.985210184098765,35.5240752878695,-47.25046440696949,52.12448321848342,86.63293842681325,76.92723666592573,46.24403934589928,41.180049036374115,Unfeasible shape,1.0,,,,,,PRUNED
30,30,140.0,2026-05-11 21:45:13.190569,2026-05-11 21:45:13.443871,0 days 00:00:00.253302,-51.85343683859289,36.58966553358311,78.41500332274758,46.914645224244005,50.159463887833816,43.97216595981986,-45.73341186957426,53.14372120209962,75.15137943980679,51.100087660076575,32.5440867589889,48.146901900589,Unfeasible shape,1.0,,,,,,PRUNED
31,31,8.753644005892035,2026-05-11 21:45:13.580422,2026-05-11 21:45:29.146389,0 days 00:00:15.565967,-49.764506073172534,52.26987269187958,92.84995968270347,44.35688738860124,31.570647837074084,61.85830665474267,-25.7434159476432,53.14947959008108,89.8368758489913,43.82227005913775,43.72289743056501,72.50485000333384,,1.0,,,,,,COMPLETE
32,32,8.764570126469899,2026-05-11 21:45:30.936084,2026-05-11 21:45:46.252120,0 days 00:00:15.316036,-32.04751695081371,63.51968497086254,64.56197924832267,50.80565022647604,35.54559499383758,19.62735542799582,-51.92820678435777,76.24509648124416,40.01280065988314,42.770764744136706,35.01176234440538,39.695880960183544,,1.0,,,,,,COMPLETE
33,33,140.0,2026-05-11 21:45:47.978488,2026-05-11 21:45:48.206601,0 days 00:00:00.228113,-50.01718085120579,10.91343002475767,75.04049288398886,47.56073879024435,62.012002329024874,29.836154427987474,-63.02206583476662,43.66372548828484,66.43281759146633,38.65811467356115,28.634850278267795,53.335133375310534,Unfeasible shape,1.0,,,,,,PRUNED
34,34,140.0,2026-05-11 21:45:48.343547,2026-05-11 21:45:48.587004,0 days 00:00:00.243457,-59.4896098102818,34.64317718518184,60.7549920508662,44.77367098503603,16.7329141921294,38.945567312563874,-35.55565742963013,64.4861466373382,90.08507324628826,22.34873049255487,44.21336562850557,36.60867717964792,Unfeasible shape,1.0,,,,,,PRUNED
35,35,8.759661946084783,2026-05-11 21:45:48.710737,2026-05-11 21:46:01.789314,0 days 00:00:13.078577,-54.929216386993915,26.119423624638266,75.80248824918013,63.862002163808995,29.438584474925076,32.81702271518534,-44.96252910234284,51.76409276169017,47.711147969107515,52.893817667669595,24.71294336428362,50.90589674487326,,1.0,,,,,,COMPLETE
36,36,8.762665747815227,2026-05-11 21:46:03.882483,2026-05-11 21:46:17.732396,0 days 00:00:13.849913,-56.34934711400673,34.91158751909562,52.18553143079342,55.607220407419575,20.007001204713088,37.64434992794163,-45.599812411738135,46.5170636770451,87.74161158458205,48.699096972270695,14.706059517026834,45.23883579081793,,1.0,,,,,,COMPLETE
37,37,8.764658845103163,2026-05-11 21:46:19.756541,2026-05-11 21:46:34.294873,0 days 00:00:14.538332,-47.606462857826074,63.211906829453426,44.34843294298321,63.55827908675622,34.42948738416193,42.467337311353276,-35.942576480684025,54.94757992433885,53.59319107019015,48.520034287650326,29.173916671922676,49.33603132513296,,1.0,,,,,,COMPLETE
38,38,140.0,2026-05-11 21:46:36.005155,2026-05-11 21:46:36.241296,0 days 00:00:00.236141,-59.360103566714585,33.847111377437855,71.60685415892604,60.31565435166551,58.09254934882914,21.335081392402017,-59.78981110096913,57.92531841207687,65.88541515207282,57.83620945592291,38.24761458621812,36.01787311908161,Unfeasible shape,1.0,,,,,,PRUNED
39,39,8.754990982796123,2026-05-11 21:46:36.374327,2026-05-11 21:46:53.994680,0 days 00:00:17.620353,-75.18432719932707,28.60469714027579,77.93888483140444,38.04079796853897,39.74940690980184,5.774930078715975,-51.65861149883389,60.760263741238894,69.66220164245422,59.791570930629845,24.71430342878931,19.123429428740277,,1.0,,,,,,COMPLETE
40,40,140.0,2026-05-11 21:46:56.085357,2026-05-11 21:46:56.358998,0 days 00:00:00.273641,-53.202223858803514,55.68084791487593,61.98838883555523,69.09005213876412,58.60594119422936,55.40738418574003,-52.60702391133152,43.93833884263803,65.55231983515847,66.64074742055033,30.299099730064057,47.28709480361402,Unfeasible shape,1.0,,,,,,PRUNED
41,41,140.0,2026-05-11 21:46:56.493766,2026-05-11 21:46:56.742454,0 days 00:00:00.248688,-47.42153889981939,68.92868960617895,69.1034568942795,58.88907750979999,21.80009757617816,31.96389314510793,-27.228796669205032,54.877120218690905,66.43095137176485,44.44117369379851,46.06801987310863,38.41785674736373,Unfeasible shape,1.0,,,,,,PRUNED
42,42,140.0,2026-05-11 21:46:56.883086,2026-05-11 21:46:57.125965,0 days 00:00:00.242879,-52.98927901302244,40.58066120638886,53.870890232996416,70.95434295039931,5.016713265982265,31.801269558380127,-49.77729312722289,43.37668703080384,77.83767984625403,46.05239750473036,31.594422101501696,30.2362037152708,Unfeasible shape,1.0,,,,,,PRUNED
43,43,140.0,2026-05-11 21:46:57.244571,2026-05-11 21:46:57.475657,0 days 00:00:00.231086,-71.18036419532444,39.138653350309305,67.74082454160373,56.37861016419986,49.722283163524814,39.98608063641062,-58.12853292129179,57.072302607111965,75.1519355802446,42.079708917392615,50.85652935635248,52.57478974873965,Unfeasible shape,1.0,,,,,,PRUNED
44,44,140.0,2026-05-11 21:46:57.591207,2026-05-11 21:46:57.819973,0 days 00:00:00.228766,-50.37836230029372,41.52470480353689,50.18747958394646,50.9746937108376,38.13883297597065,31.98247328987145,-52.17515280436335,62.27648032539801,72.81766200445657,32.593860473518944,43.62690293313237,60.9279311635472,Unfeasible shape,1.0,,,,,,PRUNED
45,45,140.0,2026-05-11 21:46:57.946826,2026-05-11 21:46:58.166887,0 days 00:00:00.220061,-62.37513940289407,36.29019200826252,70.06509632975985,67.73650825958308,41.53033098444652,47.87352349879513,-47.89358774700298,54.21051137738353,75.68227849071774,29.752522013352703,29.62854435221633,53.69289853315433,Unfeasible shape,1.0,,,,,,PRUNED
46,46,8.756816065072073,2026-05-11 21:46:58.294136,2026-05-11 21:47:14.384380,0 days 00:00:16.090244,-60.029428868986756,42.103793884028946,75.24714027583245,63.716809161366065,51.203811291145435,26.675629492409012,-30.345535941775644,67.96462364573308,96.35573315168621,34.64280033549771,46.60003460228238,67.10819252529222,,1.0,,,,,,COMPLETE
47,47,140.0,2026-05-11 21:47:16.062183,2026-05-11 21:47:16.391002,0 days 00:00:00.328819,-46.84051201480504,64.91454888256638,57.78424343682733,39.83335895162859,44.73148277060861,53.8279398183795,-54.055028746625446,42.850257552852,62.75106157722504,43.58239314436505,53.82943317344328,32.33885080353689,Unfeasible shape,1.0,,,,,,PRUNED
48,48,8.759877253165847,2026-05-11 21:47:16.516536,2026-05-11 21:47:35.297039,0 days 00:00:18.780503,-52.611940039205166,28.1907380551755,73.6997390722817,60.15993856490282,37.784855602871176,34.4028176685307,-51.916963255775045,48.16394893930857,63.103387774816085,53.929938974233984,34.22135317937854,47.58851872832765,,1.0,,,,,,COMPLETE
49,49,140.0,2026-05-11 21:47:37.177017,2026-05-11 21:47:37.419985,0 days 00:00:00.242968,-56.331257378722356,38.888566630577074,83.48793504144857,35.432042344430144,15.897704875107781,35.05608372170074,-37.01868964539146,82.63840298640284,48.941242382836215,65.03817350519518,18.038431480909402,48.94354281134271,Unfeasible shape,1.0,,,,,,PRUNED
50,50,8.757598846164576,2026-05-11 21:47:37.557723,2026-05-11 21:47:51.782314,0 days 00:00:14.224591,-52.49957137796202,37.01547766092996,78.3203225054426,40.74439734946459,28.982735392185017,39.6632554279489,-52.25327601397967,47.52009586800537,54.933256649135494,16.554879021253463,30.790627053297975,58.10589958162481,,1.0,,,,,,COMPLETE
51,51,140.0,2026-05-11 21:47:53.943160,2026-05-11 21:47:54.350878,0 days 00:00:00.407718,-56.57113121793839,45.041597818690775,93.30820001220499,37.65354921895998,20.391130269833646,45.646257804691054,-43.0025665616973,53.904096073616074,89.19596296697696,38.803562255826805,14.302606566459051,54.34346674472487,Unfeasible shape,2.0,800495a6100000000000008c0a636d6165732e5f636d61948c03434d419493942981947d94288c065f6e5f64696d944b0c8c085f706f7073697a65944b0b8c035f6d75944b058c075f6d755f656666948c166e756d70792e5f636f72652e6d756c74696172726179948c067363616c61729493948c056e756d7079948c0564747970659493948c02663894898887945294284b038c013c944e4e4e4affffffff4affffffff4b007494624308e9e8100774510b4094869452948c035f636394680b681143083e6c7d43b18cd03f94869452948c035f633194680b681143089fc67c4e93b7863f94869452948c045f636d7594680b68114308b90fbeb98d89913f94869452948c085f635f7369676d6194680b681143088289198da8f9d03f94869452948c085f645f7369676d6194680b68114308606246236a3ef43f94869452948c035f636d944b018c065f6368695f6e9447400b25064571943c8c085f776569676874739468098c0c5f7265636f6e737472756374949394680c8c076e6461727261799493944b0085944301629487945294284b014b0b8594680e8c02663894898887945294284b0368124e4e4e4affffffff4affffffff4b00749462894358538e214ba67ddb3f2c5e47761ddbd03f4c60b4a91145c53f18b8b48552e2b83f8daa7d42f660a63f00000000000000009bd0b4761a8dc0bf5806fa0273e3cebff539783e76c4d5bfddd50bc2786cdbbf0820f98e2d45e0bf947494628c085f705f7369676d6194682f68314b008594683387945294284b014b0c85946811894360d400dc7f1b91e5bfc8c1c9721d67c5bf9859ac46870c0240464dbcef50edd7bf1d5b07b7bbfbe2bf4fca20772a7fd5bf6854eca4569cf53f74232b172ba0d7bf3db7dd5441cc0040e78695a145f8f0bf80537a08cc69a0bf6c94f7eb5608f73f947494628c035f706394682f68314b008594683387945294284b014b0c85946811894360d03336066cbce6bf2adf41eb4359cebf3b42fed20f000240df53e226a46cd7bf40d05f9db8a1e2bfcbed69a654dad4bf41351b7d8c0ff53fde7336a13725d4bf40e78a85501c0140fde978d07445f1bf680658713ca1abbf9d6af174e7f7f63f947494628c055f6d65616e94682f68314b008594683387945294284b014b0c85946839894360bd7247fce343d93ffcd3a47160a1db3f17864067f177ea3fa1736950371ddd3fee9e9bd6abe0da3f9cdd73957b1fdd3fd2b4acdc1363e53f3471487028e5dd3f93d0c73486f7e93faa1ab58cc5a1d43fb04a9355f224de3fe8635dc1586de63f947494628c065f7369676d6194680b68114308af012c288a99c43f94869452948c025f44944e8c025f42944e8c075f626f756e647394682f68314b008594683387945294284b014b0c4b02869468398943c00,000000000000000000000000000f03f0000000000000000000000000000f03f0000000000000000000000000000f03f0000000000000000000000000000f03f0000000000000000000000000000f03f0000000000000000000000000000f03f0000000000000000000000000000f03f0000000000000000000000000000f03f0000000000000000000000000000f03f0000000000000000000000000000f03f0000000000000000000000000000f03f0000000000000000000000000000f03f947494628c115f6e5f6d61785f726573616d706c696e67944b788c025f67944b028c095f6c725f616461707494898c065f616c70686194473ff66666666666668c0a5f626574615f6d65616e94473fb999999999999a8c0b5f626574615f5369676d6194473f9eb851eb851eb88c065f67616d6d6194473fb999999999999a8c065f456d65616e94682f68314b008594683387945294284b014b0c4b0186946839894360000000000000000000000000000000000000000000000000000000000000000000000000000000000000000000000000000000000000000000000000000000000000000000000000000000000000000000000000000000000000000000000000947494628c075f455369676d6194682f68314b008594683387945294284b014b904b018694683989428004000000000000000000000000000000000000000000000000000000000000000000000000000000000000000000000000000000000000000000000000000000000000000000000000000000000000000000000000000000000000000000000000000000000000000000000000000000000000000000000000000000000000000000000000000000000000000000000000000000000000000000000000000000000000000000000000000000000000000000000000000000000000000000000000000000000000000000000000000000000000000000000000000000000000000000000000000000000000000000000000000000000000000000000000000000000000000000000000000000000000000000000000000000000000000000000000000000000000000000000000000000000000000000000000000000000000000000000000000000000000000000000000000000000000000000000000000000000000000000000000000000000000000000000000000000000000000000000000000000000000000000000000000000000000000000000000000000000000000000000000000000000000000000000000000000000000000000000000000000000000000000000000000000000000000000000000000000000000000000000000000000000000000000000000000000000000000000000000000000000000000000000000000000000000000000000000,0000000000000000000000000000000000000000000000000000000000000000000000000000000000000000000000000000000000000000000000000000000000000000000000000000000000000000000000000000000000000000000000000000000000000000000000000000000000000000000000000000000000000000000000000000000000000000000000000000000000000000000000000000000000000000000000000000000000000000000000000000000000000000000000000000000000000000000000000000000000000000000000000000000000000000000000000000000000000000000000000000000000000000000000000000000000000000000000000000000000000000000000000000000000000000000000000000000000000000000000000000000000000000000000000000000000000000000000000000000000000000000000000000000000000000000000000000000000000000000000000000000000000000000000000000000000000000000000000000000000000000000000000000000000000000000000000000000000000000000000000000000000000000000000000000000000000000000000000000000000000000000000000000000000000000000000000000000000000000000000000000000000000000000000000000000000000000000000000000000000000000000000000000000000000000000000000000000000000000000000000000000000000000000000000000000000000000000000000000000000000000000000000000000000000000000000000000000000000000000000000000000000000000000000000000000000000000000000000000947494628c065f566d65616e944700000000000000008c075f565369676d61944700000000000000008c095f6574615f6d65616e94473ff00000000000008c0a5f6574615f5369676d6194473ff00000000000008c055f746f6c7894680b6811430816383daccc74473d94869452948c075f746f6c787570944740c38800000000008c075f746f6c66756e94473d719799812dea118c105f746f6c636f6e646974696f6e636f76944742d6bcc41e9000008c0d5f66756e686973745f7465726d944b2b8c0f5f66756e686973745f76616c75657394682f68314b008594683387945294284b014b56859468398942b0020000300ec57b75020000b034c47b75020000f0ab18a3ac832140c471531939882140f4438ca0dd81214064a1385d81872140308fc47b75020000d010c57b750200004011c57b750200003036c47b750200001008c57b750200001094c47b750200003032c47b75020000b011c57b75020000c09ac57b7502000030804a7e75020000b0e3c47b75020000f0e0c47b75020000a0a1c57b75020000f0a1c,57b7502000070e1c47b750200005090c47b7502000030804a7e75020000f0dbc47b75020000b0e7c47b75020000b032c47b75020000200bc57b75020000f095c47b7502000030804a7e7502000030d3c47b7502000070d3c47b75020000b022c47b75020000b024c47b75020000209fc57b7502000030804a7e75020000302cc47b75020000b02cc47b75020000302dc47b75020000b031c47b7502000030dbc47b7502000030804a7e75020000f0e1c47b7502000070d6c47b75020000302ac47b750200003034c47b750200003037c47b7502000010a0c57b75020000b02bc47b75020000b033c47b750200003035c47b75020000b0a0c57b75020000b036c47b750200003024c47b75020000b027c47b7502000060a0c57b750200003038c47b75020000b037c47b750200003026c47b750200007094c47b7502000030804a7e75020000b0d3c47b75020000b0d4c47b7502000030804a7e75020000509cc57b75020000409dc57b7502000030804a7e750200009012c57b75020000909dc57b7502000030804a7e75020000b038c47b750200003030c47b750200003039c47b750200007091c47b75020000f0d4c47b75020000e09dc57b7502000030804a7e75020000303ac47b7502000030d5c47b7502000030804a7e75020000b039c47b75020000f08fc47b7502000030804a7e75020000908fc47b75020000b03ac47b7502000030804a7e750200005014c57b75020000947494628c055f635f316494682f68314b008594683387945294284b014b4e85946811894270020000310247f8418bef3fec980d857b2a92bfd99e7eb58052a2bff669da88dc0d9b3ff0928bb70271823fae74d75b3679ab3f2666216e88ab5c3f103e6b6d72e664bf701c63c0dc1f753f642ac2563d4ca93f0d02daa8e7dc6d3f94e92c1c5990773fca78e29d85e8ee3f802f250a18d67cbfec15a42b97d5963f8469fe53e7a275bf3a1ad6079c29923f94f63d0bced489bf58b8e36f75379dbf10aa9dfd1a46753f865e2b1bab01b23fee0122eae70d7b3fb07e5c43a78e5ebf4e62689fbea4f03f92d3cb7a64c57abfd8a94cfdb99e92bf44151209a1b89a3fad0083a85b29b73f1289cbff4ead963f089bfd56c4ffbd3f18368f283313a6bfbd782eeb3e83a2bf556319d6c06db73f20a86608eb54f03fb7e923cc1f7173bf9dd3ebf61bf78bbf8ff8ece7a4eb91bf0009785287b732bf8a3a7fe6ca7282bf741f8fd1b034893f8930e2d1130890bf3f19ba9aa39693bf2ca623300e5aef3f10416beb4199583fb8e0be4dd8c183bf804e1862eb6867bf77a3e0dd237797bf23ab0cf897317d3ff12231bf9464843f96a58db6f8dd91bf59501c982df0f03f0aceeec11771a73f2842bbda6af9873f337631bfe644a0bf0e08ca988f52953ffef8cc94f4449a3f,4319390b5b9dac3fac1fb0dde6a0f03ff2ffd507504c70bf6e8b59a5f5f3b23fcadbc241731880bf16d5f161fb399e3f366bb2f0fdeeac3f08f6248d302def3f87b972ccdf18843f4efed935acd69fbf3ef8265f9e856c3f55e97646c5cf8e3f84733a45547df03fa9c6b869c5dbaebf02b1458f6750a83f766db02c3b31b63f8cd265888d70f03fae5d8662e16184bf124e92cf92dba6bfb8159225f5a5ed3fd4ccb22054c1a43f4ea53d217950f13f9474946275622e,PRUNED
52,52,140.0,2026-05-11 21:47:54.704691,2026-05-11 21:47:55.026315,0 days 00:00:00.321624,-68.64050854139879,59.378810124896134,74.03638133788058,26.896964152509312,22.70734278380298,19.807690394208574,-53.9667419371144,55.25310114940929,96.24364216831874,35.09748777719224,47.163912100566336,63.54165068338569,Unfeasible shape,2.0,800495a6100000000000008c0a636d6165732e5f636d61948c03434d419493942981947d94288c065f6e5f64696d944b0c8c085f706f7073697a65944b0b8c035f6d75944b058c075f6d755f656666948c166e756d70792e5f636f72652e6d756c74696172726179948c067363616c61729493948c056e756d7079948c0564747970659493948c02663894898887945294284b038c013c944e4e4e4affffffff4affffffff4b007494624308e9e8100774510b4094869452948c035f636394680b681143083e6c7d43b18cd03f94869452948c035f633194680b681143089fc67c4e93b7863f94869452948c045f636d7594680b68114308b90fbeb98d89913f94869452948c085f635f7369676d6194680b681143088289198da8f9d03f94869452948c085f645f7369676d6194680b68114308606246236a3ef43f94869452948c035f636d944b018c065f6368695f6e9447400b25064571943c8c085f776569676874739468098c0c5f7265636f6e737472756374949394680c8c076e6461727261799493944b0085944301629487945294284b014b0b8594680e8c02663894898887945294284b0368124e4e4e4affffffff4affffffff4b00749462894358538e214ba67ddb3f2c5e47761ddbd03f4c60b4a91145c53f18b8b48552e2b83f8daa7d42f660a63f00000000000000009bd0b4761a8dc0bf5806fa0273e3cebff539783e76c4d5bfddd50bc2786cdbbf0820f98e2d45e0bf947494628c085f705f7369676d6194682f68314b008594683387945294284b014b0c85946811894360d400dc7f1b91e5bfc8c1c9721d67c5bf9859ac46870c0240464dbcef50edd7bf1d5b07b7bbfbe2bf4fca20772a7fd5bf6854eca4569cf53f74232b172ba0d7bf3db7dd5441cc0040e78695a145f8f0bf80537a08cc69a0bf6c94f7eb5608f73f947494628c035f706394682f68314b008594683387945294284b014b0c85946811894360d03336066cbce6bf2adf41eb4359cebf3b42fed20f000240df53e226a46cd7bf40d05f9db8a1e2bfcbed69a654dad4bf41351b7d8c0ff53fde7336a13725d4bf40e78a85501c0140fde978d07445f1bf680658713ca1abbf9d6af174e7f7f63f947494628c055f6d65616e94682f68314b008594683387945294284b014b0c85946839894360bd7247fce343d93ffcd3a47160a1db3f17864067f177ea3fa1736950371ddd3fee9e9bd6abe0da3f9cdd73957b1fdd3fd2b4acdc1363e53f3471487028e5dd3f93d0c73486f7e93faa1ab58cc5a1d43fb04a9355f224de3fe8635dc1586de63f947494628c065f7369676d6194680b68114308af012c288a99c43f94869452948c025f44944e8c025f42944e8c075f626f756e647394682f68314b008594683387945294284b014b0c4b02869468398943c00,000000000000000000000000000f03f0000000000000000000000000000f03f0000000000000000000000000000f03f0000000000000000000000000000f03f0000000000000000000000000000f03f0000000000000000000000000000f03f0000000000000000000000000000f03f0000000000000000000000000000f03f0000000000000000000000000000f03f0000000000000000000000000000f03f0000000000000000000000000000f03f0000000000000000000000000000f03f947494628c115f6e5f6d61785f726573616d706c696e67944b788c025f67944b028c095f6c725f616461707494898c065f616c70686194473ff66666666666668c0a5f626574615f6d65616e94473fb999999999999a8c0b5f626574615f5369676d6194473f9eb851eb851eb88c065f67616d6d6194473fb999999999999a8c065f456d65616e94682f68314b008594683387945294284b014b0c4b0186946839894360000000000000000000000000000000000000000000000000000000000000000000000000000000000000000000000000000000000000000000000000000000000000000000000000000000000000000000000000000000000000000000000000947494628c075f455369676d6194682f68314b008594683387945294284b014b904b018694683989428004000000000000000000000000000000000000000000000000000000000000000000000000000000000000000000000000000000000000000000000000000000000000000000000000000000000000000000000000000000000000000000000000000000000000000000000000000000000000000000000000000000000000000000000000000000000000000000000000000000000000000000000000000000000000000000000000000000000000000000000000000000000000000000000000000000000000000000000000000000000000000000000000000000000000000000000000000000000000000000000000000000000000000000000000000000000000000000000000000000000000000000000000000000000000000000000000000000000000000000000000000000000000000000000000000000000000000000000000000000000000000000000000000000000000000000000000000000000000000000000000000000000000000000000000000000000000000000000000000000000000000000000000000000000000000000000000000000000000000000000000000000000000000000000000000000000000000000000000000000000000000000000000000000000000000000000000000000000000000000000000000000000000000000000000000000000000000000000000000000000000000000000000000000000000000000000000,0000000000000000000000000000000000000000000000000000000000000000000000000000000000000000000000000000000000000000000000000000000000000000000000000000000000000000000000000000000000000000000000000000000000000000000000000000000000000000000000000000000000000000000000000000000000000000000000000000000000000000000000000000000000000000000000000000000000000000000000000000000000000000000000000000000000000000000000000000000000000000000000000000000000000000000000000000000000000000000000000000000000000000000000000000000000000000000000000000000000000000000000000000000000000000000000000000000000000000000000000000000000000000000000000000000000000000000000000000000000000000000000000000000000000000000000000000000000000000000000000000000000000000000000000000000000000000000000000000000000000000000000000000000000000000000000000000000000000000000000000000000000000000000000000000000000000000000000000000000000000000000000000000000000000000000000000000000000000000000000000000000000000000000000000000000000000000000000000000000000000000000000000000000000000000000000000000000000000000000000000000000000000000000000000000000000000000000000000000000000000000000000000000000000000000000000000000000000000000000000000000000000000000000000000000000000000000000000000000947494628c065f566d65616e944700000000000000008c075f565369676d61944700000000000000008c095f6574615f6d65616e94473ff00000000000008c0a5f6574615f5369676d6194473ff00000000000008c055f746f6c7894680b6811430816383daccc74473d94869452948c075f746f6c787570944740c38800000000008c075f746f6c66756e94473d719799812dea118c105f746f6c636f6e646974696f6e636f76944742d6bcc41e9000008c0d5f66756e686973745f7465726d944b2b8c0f5f66756e686973745f76616c75657394682f68314b008594683387945294284b014b56859468398942b0020000300ec57b75020000b034c47b75020000f0ab18a3ac832140c471531939882140f4438ca0dd81214064a1385d81872140308fc47b75020000d010c57b750200004011c57b750200003036c47b750200001008c57b750200001094c47b750200003032c47b75020000b011c57b75020000c09ac57b7502000030804a7e75020000b0e3c47b75020000f0e0c47b75020000a0a1c57b75020000f0a1c,57b7502000070e1c47b750200005090c47b7502000030804a7e75020000f0dbc47b75020000b0e7c47b75020000b032c47b75020000200bc57b75020000f095c47b7502000030804a7e7502000030d3c47b7502000070d3c47b75020000b022c47b75020000b024c47b75020000209fc57b7502000030804a7e75020000302cc47b75020000b02cc47b75020000302dc47b75020000b031c47b7502000030dbc47b7502000030804a7e75020000f0e1c47b7502000070d6c47b75020000302ac47b750200003034c47b750200003037c47b7502000010a0c57b75020000b02bc47b75020000b033c47b750200003035c47b75020000b0a0c57b75020000b036c47b750200003024c47b75020000b027c47b7502000060a0c57b750200003038c47b75020000b037c47b750200003026c47b750200007094c47b7502000030804a7e75020000b0d3c47b75020000b0d4c47b7502000030804a7e75020000509cc57b75020000409dc57b7502000030804a7e750200009012c57b75020000909dc57b7502000030804a7e75020000b038c47b750200003030c47b750200003039c47b750200007091c47b75020000f0d4c47b75020000e09dc57b7502000030804a7e75020000303ac47b7502000030d5c47b7502000030804a7e75020000b039c47b75020000f08fc47b7502000030804a7e75020000908fc47b75020000b03ac47b7502000030804a7e750200005014c57b75020000947494628c055f635f316494682f68314b008594683387945294284b014b4e85946811894270020000310247f8418bef3fec980d857b2a92bfd99e7eb58052a2bff669da88dc0d9b3ff0928bb70271823fae74d75b3679ab3f2666216e88ab5c3f103e6b6d72e664bf701c63c0dc1f753f642ac2563d4ca93f0d02daa8e7dc6d3f94e92c1c5990773fca78e29d85e8ee3f802f250a18d67cbfec15a42b97d5963f8469fe53e7a275bf3a1ad6079c29923f94f63d0bced489bf58b8e36f75379dbf10aa9dfd1a46753f865e2b1bab01b23fee0122eae70d7b3fb07e5c43a78e5ebf4e62689fbea4f03f92d3cb7a64c57abfd8a94cfdb99e92bf44151209a1b89a3fad0083a85b29b73f1289cbff4ead963f089bfd56c4ffbd3f18368f283313a6bfbd782eeb3e83a2bf556319d6c06db73f20a86608eb54f03fb7e923cc1f7173bf9dd3ebf61bf78bbf8ff8ece7a4eb91bf0009785287b732bf8a3a7fe6ca7282bf741f8fd1b034893f8930e2d1130890bf3f19ba9aa39693bf2ca623300e5aef3f10416beb4199583fb8e0be4dd8c183bf804e1862eb6867bf77a3e0dd237797bf23ab0cf897317d3ff12231bf9464843f96a58db6f8dd91bf59501c982df0f03f0aceeec11771a73f2842bbda6af9873f337631bfe644a0bf0e08ca988f52953ffef8cc94f4449a3f,4319390b5b9dac3fac1fb0dde6a0f03ff2ffd507504c70bf6e8b59a5f5f3b23fcadbc241731880bf16d5f161fb399e3f366bb2f0fdeeac3f08f6248d302def3f87b972ccdf18843f4efed935acd69fbf3ef8265f9e856c3f55e97646c5cf8e3f84733a45547df03fa9c6b869c5dbaebf02b1458f6750a83f766db02c3b31b63f8cd265888d70f03fae5d8662e16184bf124e92cf92dba6bfb8159225f5a5ed3fd4ccb22054c1a43f4ea53d217950f13f9474946275622e,PRUNED
53,53,140.0,2026-05-11 21:47:55.173395,2026-05-11 21:47:55.558577,0 days 00:00:00.385182,-59.47641514472764,69.44185193223078,61.53881578500176,46.90412331827435,32.186401711623446,38.42717632385204,-46.56151540695259,47.0785377394621,94.34429850029098,61.987328491208046,51.328440517595105,52.54985032806242,Unfeasible shape,2.0,800495a6100000000000008c0a636d6165732e5f636d61948c03434d419493942981947d94288c065f6e5f64696d944b0c8c085f706f7073697a65944b0b8c035f6d75944b058c075f6d755f656666948c166e756d70792e5f636f72652e6d756c74696172726179948c067363616c61729493948c056e756d7079948c0564747970659493948c02663894898887945294284b038c013c944e4e4e4affffffff4affffffff4b007494624308e9e8100774510b4094869452948c035f636394680b681143083e6c7d43b18cd03f94869452948c035f633194680b681143089fc67c4e93b7863f94869452948c045f636d7594680b68114308b90fbeb98d89913f94869452948c085f635f7369676d6194680b681143088289198da8f9d03f94869452948c085f645f7369676d6194680b68114308606246236a3ef43f94869452948c035f636d944b018c065f6368695f6e9447400b25064571943c8c085f776569676874739468098c0c5f7265636f6e737472756374949394680c8c076e6461727261799493944b0085944301629487945294284b014b0b8594680e8c02663894898887945294284b0368124e4e4e4affffffff4affffffff4b00749462894358538e214ba67ddb3f2c5e47761ddbd03f4c60b4a91145c53f18b8b48552e2b83f8daa7d42f660a63f00000000000000009bd0b4761a8dc0bf5806fa0273e3cebff539783e76c4d5bfddd50bc2786cdbbf0820f98e2d45e0bf947494628c085f705f7369676d6194682f68314b008594683387945294284b014b0c85946811894360d400dc7f1b91e5bfc8c1c9721d67c5bf9859ac46870c0240464dbcef50edd7bf1d5b07b7bbfbe2bf4fca20772a7fd5bf6854eca4569cf53f74232b172ba0d7bf3db7dd5441cc0040e78695a145f8f0bf80537a08cc69a0bf6c94f7eb5608f73f947494628c035f706394682f68314b008594683387945294284b014b0c85946811894360d03336066cbce6bf2adf41eb4359cebf3b42fed20f000240df53e226a46cd7bf40d05f9db8a1e2bfcbed69a654dad4bf41351b7d8c0ff53fde7336a13725d4bf40e78a85501c0140fde978d07445f1bf680658713ca1abbf9d6af174e7f7f63f947494628c055f6d65616e94682f68314b008594683387945294284b014b0c85946839894360bd7247fce343d93ffcd3a47160a1db3f17864067f177ea3fa1736950371ddd3fee9e9bd6abe0da3f9cdd73957b1fdd3fd2b4acdc1363e53f3471487028e5dd3f93d0c73486f7e93faa1ab58cc5a1d43fb04a9355f224de3fe8635dc1586de63f947494628c065f7369676d6194680b68114308af012c288a99c43f94869452948c025f44944e8c025f42944e8c075f626f756e647394682f68314b008594683387945294284b014b0c4b02869468398943c00,000000000000000000000000000f03f0000000000000000000000000000f03f0000000000000000000000000000f03f0000000000000000000000000000f03f0000000000000000000000000000f03f0000000000000000000000000000f03f0000000000000000000000000000f03f0000000000000000000000000000f03f0000000000000000000000000000f03f0000000000000000000000000000f03f0000000000000000000000000000f03f0000000000000000000000000000f03f947494628c115f6e5f6d61785f726573616d706c696e67944b788c025f67944b028c095f6c725f616461707494898c065f616c70686194473ff66666666666668c0a5f626574615f6d65616e94473fb999999999999a8c0b5f626574615f5369676d6194473f9eb851eb851eb88c065f67616d6d6194473fb999999999999a8c065f456d65616e94682f68314b008594683387945294284b014b0c4b0186946839894360000000000000000000000000000000000000000000000000000000000000000000000000000000000000000000000000000000000000000000000000000000000000000000000000000000000000000000000000000000000000000000000000947494628c075f455369676d6194682f68314b008594683387945294284b014b904b018694683989428004000000000000000000000000000000000000000000000000000000000000000000000000000000000000000000000000000000000000000000000000000000000000000000000000000000000000000000000000000000000000000000000000000000000000000000000000000000000000000000000000000000000000000000000000000000000000000000000000000000000000000000000000000000000000000000000000000000000000000000000000000000000000000000000000000000000000000000000000000000000000000000000000000000000000000000000000000000000000000000000000000000000000000000000000000000000000000000000000000000000000000000000000000000000000000000000000000000000000000000000000000000000000000000000000000000000000000000000000000000000000000000000000000000000000000000000000000000000000000000000000000000000000000000000000000000000000000000000000000000000000000000000000000000000000000000000000000000000000000000000000000000000000000000000000000000000000000000000000000000000000000000000000000000000000000000000000000000000000000000000000000000000000000000000000000000000000000000000000000000000000000000000000000000000000000000000000,0000000000000000000000000000000000000000000000000000000000000000000000000000000000000000000000000000000000000000000000000000000000000000000000000000000000000000000000000000000000000000000000000000000000000000000000000000000000000000000000000000000000000000000000000000000000000000000000000000000000000000000000000000000000000000000000000000000000000000000000000000000000000000000000000000000000000000000000000000000000000000000000000000000000000000000000000000000000000000000000000000000000000000000000000000000000000000000000000000000000000000000000000000000000000000000000000000000000000000000000000000000000000000000000000000000000000000000000000000000000000000000000000000000000000000000000000000000000000000000000000000000000000000000000000000000000000000000000000000000000000000000000000000000000000000000000000000000000000000000000000000000000000000000000000000000000000000000000000000000000000000000000000000000000000000000000000000000000000000000000000000000000000000000000000000000000000000000000000000000000000000000000000000000000000000000000000000000000000000000000000000000000000000000000000000000000000000000000000000000000000000000000000000000000000000000000000000000000000000000000000000000000000000000000000000000000000000000000000000947494628c065f566d65616e944700000000000000008c075f565369676d61944700000000000000008c095f6574615f6d65616e94473ff00000000000008c0a5f6574615f5369676d6194473ff00000000000008c055f746f6c7894680b6811430816383daccc74473d94869452948c075f746f6c787570944740c38800000000008c075f746f6c66756e94473d719799812dea118c105f746f6c636f6e646974696f6e636f76944742d6bcc41e9000008c0d5f66756e686973745f7465726d944b2b8c0f5f66756e686973745f76616c75657394682f68314b008594683387945294284b014b56859468398942b0020000300ec57b75020000b034c47b75020000f0ab18a3ac832140c471531939882140f4438ca0dd81214064a1385d81872140308fc47b75020000d010c57b750200004011c57b750200003036c47b750200001008c57b750200001094c47b750200003032c47b75020000b011c57b75020000c09ac57b7502000030804a7e75020000b0e3c47b75020000f0e0c47b75020000a0a1c57b75020000f0a1c,57b7502000070e1c47b750200005090c47b7502000030804a7e75020000f0dbc47b75020000b0e7c47b75020000b032c47b75020000200bc57b75020000f095c47b7502000030804a7e7502000030d3c47b7502000070d3c47b75020000b022c47b75020000b024c47b75020000209fc57b7502000030804a7e75020000302cc47b75020000b02cc47b75020000302dc47b75020000b031c47b7502000030dbc47b7502000030804a7e75020000f0e1c47b7502000070d6c47b75020000302ac47b750200003034c47b750200003037c47b7502000010a0c57b75020000b02bc47b75020000b033c47b750200003035c47b75020000b0a0c57b75020000b036c47b750200003024c47b75020000b027c47b7502000060a0c57b750200003038c47b75020000b037c47b750200003026c47b750200007094c47b7502000030804a7e75020000b0d3c47b75020000b0d4c47b7502000030804a7e75020000509cc57b75020000409dc57b7502000030804a7e750200009012c57b75020000909dc57b7502000030804a7e75020000b038c47b750200003030c47b750200003039c47b750200007091c47b75020000f0d4c47b75020000e09dc57b7502000030804a7e75020000303ac47b7502000030d5c47b7502000030804a7e75020000b039c47b75020000f08fc47b7502000030804a7e75020000908fc47b75020000b03ac47b7502000030804a7e750200005014c57b75020000947494628c055f635f316494682f68314b008594683387945294284b014b4e85946811894270020000310247f8418bef3fec980d857b2a92bfd99e7eb58052a2bff669da88dc0d9b3ff0928bb70271823fae74d75b3679ab3f2666216e88ab5c3f103e6b6d72e664bf701c63c0dc1f753f642ac2563d4ca93f0d02daa8e7dc6d3f94e92c1c5990773fca78e29d85e8ee3f802f250a18d67cbfec15a42b97d5963f8469fe53e7a275bf3a1ad6079c29923f94f63d0bced489bf58b8e36f75379dbf10aa9dfd1a46753f865e2b1bab01b23fee0122eae70d7b3fb07e5c43a78e5ebf4e62689fbea4f03f92d3cb7a64c57abfd8a94cfdb99e92bf44151209a1b89a3fad0083a85b29b73f1289cbff4ead963f089bfd56c4ffbd3f18368f283313a6bfbd782eeb3e83a2bf556319d6c06db73f20a86608eb54f03fb7e923cc1f7173bf9dd3ebf61bf78bbf8ff8ece7a4eb91bf0009785287b732bf8a3a7fe6ca7282bf741f8fd1b034893f8930e2d1130890bf3f19ba9aa39693bf2ca623300e5aef3f10416beb4199583fb8e0be4dd8c183bf804e1862eb6867bf77a3e0dd237797bf23ab0cf897317d3ff12231bf9464843f96a58db6f8dd91bf59501c982df0f03f0aceeec11771a73f2842bbda6af9873f337631bfe644a0bf0e08ca988f52953ffef8cc94f4449a3f,4319390b5b9dac3fac1fb0dde6a0f03ff2ffd507504c70bf6e8b59a5f5f3b23fcadbc241731880bf16d5f161fb399e3f366bb2f0fdeeac3f08f6248d302def3f87b972ccdf18843f4efed935acd69fbf3ef8265f9e856c3f55e97646c5cf8e3f84733a45547df03fa9c6b869c5dbaebf02b1458f6750a83f766db02c3b31b63f8cd265888d70f03fae5d8662e16184bf124e92cf92dba6bfb8159225f5a5ed3fd4ccb22054c1a43f4ea53d217950f13f9474946275622e,PRUNED
54,54,140.0,2026-05-11 21:47:55.725118,2026-05-11 21:47:56.051273,0 days 00:00:00.326155,-62.293464941970896,55.9824787599876,65.91903305335113,37.001208775500416,23.893740066715175,38.613012006262515,-38.720584852208894,18.400339094276724,78.36102781447593,41.48699422623988,50.88001448963432,64.29602509663701,Unfeasible shape,2.0,800495a6100000000000008c0a636d6165732e5f636d61948c03434d419493942981947d94288c065f6e5f64696d944b0c8c085f706f7073697a65944b0b8c035f6d75944b058c075f6d755f656666948c166e756d70792e5f636f72652e6d756c74696172726179948c067363616c61729493948c056e756d7079948c0564747970659493948c02663894898887945294284b038c013c944e4e4e4affffffff4affffffff4b007494624308e9e8100774510b4094869452948c035f636394680b681143083e6c7d43b18cd03f94869452948c035f633194680b681143089fc67c4e93b7863f94869452948c045f636d7594680b68114308b90fbeb98d89913f94869452948c085f635f7369676d6194680b681143088289198da8f9d03f94869452948c085f645f7369676d6194680b68114308606246236a3ef43f94869452948c035f636d944b018c065f6368695f6e9447400b25064571943c8c085f776569676874739468098c0c5f7265636f6e737472756374949394680c8c076e6461727261799493944b0085944301629487945294284b014b0b8594680e8c02663894898887945294284b0368124e4e4e4affffffff4affffffff4b00749462894358538e214ba67ddb3f2c5e47761ddbd03f4c60b4a91145c53f18b8b48552e2b83f8daa7d42f660a63f00000000000000009bd0b4761a8dc0bf5806fa0273e3cebff539783e76c4d5bfddd50bc2786cdbbf0820f98e2d45e0bf947494628c085f705f7369676d6194682f68314b008594683387945294284b014b0c85946811894360d400dc7f1b91e5bfc8c1c9721d67c5bf9859ac46870c0240464dbcef50edd7bf1d5b07b7bbfbe2bf4fca20772a7fd5bf6854eca4569cf53f74232b172ba0d7bf3db7dd5441cc0040e78695a145f8f0bf80537a08cc69a0bf6c94f7eb5608f73f947494628c035f706394682f68314b008594683387945294284b014b0c85946811894360d03336066cbce6bf2adf41eb4359cebf3b42fed20f000240df53e226a46cd7bf40d05f9db8a1e2bfcbed69a654dad4bf41351b7d8c0ff53fde7336a13725d4bf40e78a85501c0140fde978d07445f1bf680658713ca1abbf9d6af174e7f7f63f947494628c055f6d65616e94682f68314b008594683387945294284b014b0c85946839894360bd7247fce343d93ffcd3a47160a1db3f17864067f177ea3fa1736950371ddd3fee9e9bd6abe0da3f9cdd73957b1fdd3fd2b4acdc1363e53f3471487028e5dd3f93d0c73486f7e93faa1ab58cc5a1d43fb04a9355f224de3fe8635dc1586de63f947494628c065f7369676d6194680b68114308af012c288a99c43f94869452948c025f44944e8c025f42944e8c075f626f756e647394682f68314b008594683387945294284b014b0c4b02869468398943c00,000000000000000000000000000f03f0000000000000000000000000000f03f0000000000000000000000000000f03f0000000000000000000000000000f03f0000000000000000000000000000f03f0000000000000000000000000000f03f0000000000000000000000000000f03f0000000000000000000000000000f03f0000000000000000000000000000f03f0000000000000000000000000000f03f0000000000000000000000000000f03f0000000000000000000000000000f03f947494628c115f6e5f6d61785f726573616d706c696e67944b788c025f67944b028c095f6c725f616461707494898c065f616c70686194473ff66666666666668c0a5f626574615f6d65616e94473fb999999999999a8c0b5f626574615f5369676d6194473f9eb851eb851eb88c065f67616d6d6194473fb999999999999a8c065f456d65616e94682f68314b008594683387945294284b014b0c4b0186946839894360000000000000000000000000000000000000000000000000000000000000000000000000000000000000000000000000000000000000000000000000000000000000000000000000000000000000000000000000000000000000000000000000947494628c075f455369676d6194682f68314b008594683387945294284b014b904b018694683989428004000000000000000000000000000000000000000000000000000000000000000000000000000000000000000000000000000000000000000000000000000000000000000000000000000000000000000000000000000000000000000000000000000000000000000000000000000000000000000000000000000000000000000000000000000000000000000000000000000000000000000000000000000000000000000000000000000000000000000000000000000000000000000000000000000000000000000000000000000000000000000000000000000000000000000000000000000000000000000000000000000000000000000000000000000000000000000000000000000000000000000000000000000000000000000000000000000000000000000000000000000000000000000000000000000000000000000000000000000000000000000000000000000000000000000000000000000000000000000000000000000000000000000000000000000000000000000000000000000000000000000000000000000000000000000000000000000000000000000000000000000000000000000000000000000000000000000000000000000000000000000000000000000000000000000000000000000000000000000000000000000000000000000000000000000000000000000000000000000000000000000000000000000000000000000000000000,0000000000000000000000000000000000000000000000000000000000000000000000000000000000000000000000000000000000000000000000000000000000000000000000000000000000000000000000000000000000000000000000000000000000000000000000000000000000000000000000000000000000000000000000000000000000000000000000000000000000000000000000000000000000000000000000000000000000000000000000000000000000000000000000000000000000000000000000000000000000000000000000000000000000000000000000000000000000000000000000000000000000000000000000000000000000000000000000000000000000000000000000000000000000000000000000000000000000000000000000000000000000000000000000000000000000000000000000000000000000000000000000000000000000000000000000000000000000000000000000000000000000000000000000000000000000000000000000000000000000000000000000000000000000000000000000000000000000000000000000000000000000000000000000000000000000000000000000000000000000000000000000000000000000000000000000000000000000000000000000000000000000000000000000000000000000000000000000000000000000000000000000000000000000000000000000000000000000000000000000000000000000000000000000000000000000000000000000000000000000000000000000000000000000000000000000000000000000000000000000000000000000000000000000000000000000000000000000000000947494628c065f566d65616e944700000000000000008c075f565369676d61944700000000000000008c095f6574615f6d65616e94473ff00000000000008c0a5f6574615f5369676d6194473ff00000000000008c055f746f6c7894680b6811430816383daccc74473d94869452948c075f746f6c787570944740c38800000000008c075f746f6c66756e94473d719799812dea118c105f746f6c636f6e646974696f6e636f76944742d6bcc41e9000008c0d5f66756e686973745f7465726d944b2b8c0f5f66756e686973745f76616c75657394682f68314b008594683387945294284b014b56859468398942b0020000300ec57b75020000b034c47b75020000f0ab18a3ac832140c471531939882140f4438ca0dd81214064a1385d81872140308fc47b75020000d010c57b750200004011c57b750200003036c47b750200001008c57b750200001094c47b750200003032c47b75020000b011c57b75020000c09ac57b7502000030804a7e75020000b0e3c47b75020000f0e0c47b75020000a0a1c57b75020000f0a1c,57b7502000070e1c47b750200005090c47b7502000030804a7e75020000f0dbc47b75020000b0e7c47b75020000b032c47b75020000200bc57b75020000f095c47b7502000030804a7e7502000030d3c47b7502000070d3c47b75020000b022c47b75020000b024c47b75020000209fc57b7502000030804a7e75020000302cc47b75020000b02cc47b75020000302dc47b75020000b031c47b7502000030dbc47b7502000030804a7e75020000f0e1c47b7502000070d6c47b75020000302ac47b750200003034c47b750200003037c47b7502000010a0c57b75020000b02bc47b75020000b033c47b750200003035c47b75020000b0a0c57b75020000b036c47b750200003024c47b75020000b027c47b7502000060a0c57b750200003038c47b75020000b037c47b750200003026c47b750200007094c47b7502000030804a7e75020000b0d3c47b75020000b0d4c47b7502000030804a7e75020000509cc57b75020000409dc57b7502000030804a7e750200009012c57b75020000909dc57b7502000030804a7e75020000b038c47b750200003030c47b750200003039c47b750200007091c47b75020000f0d4c47b75020000e09dc57b7502000030804a7e75020000303ac47b7502000030d5c47b7502000030804a7e75020000b039c47b75020000f08fc47b7502000030804a7e75020000908fc47b75020000b03ac47b7502000030804a7e750200005014c57b75020000947494628c055f635f316494682f68314b008594683387945294284b014b4e85946811894270020000310247f8418bef3fec980d857b2a92bfd99e7eb58052a2bff669da88dc0d9b3ff0928bb70271823fae74d75b3679ab3f2666216e88ab5c3f103e6b6d72e664bf701c63c0dc1f753f642ac2563d4ca93f0d02daa8e7dc6d3f94e92c1c5990773fca78e29d85e8ee3f802f250a18d67cbfec15a42b97d5963f8469fe53e7a275bf3a1ad6079c29923f94f63d0bced489bf58b8e36f75379dbf10aa9dfd1a46753f865e2b1bab01b23fee0122eae70d7b3fb07e5c43a78e5ebf4e62689fbea4f03f92d3cb7a64c57abfd8a94cfdb99e92bf44151209a1b89a3fad0083a85b29b73f1289cbff4ead963f089bfd56c4ffbd3f18368f283313a6bfbd782eeb3e83a2bf556319d6c06db73f20a86608eb54f03fb7e923cc1f7173bf9dd3ebf61bf78bbf8ff8ece7a4eb91bf0009785287b732bf8a3a7fe6ca7282bf741f8fd1b034893f8930e2d1130890bf3f19ba9aa39693bf2ca623300e5aef3f10416beb4199583fb8e0be4dd8c183bf804e1862eb6867bf77a3e0dd237797bf23ab0cf897317d3ff12231bf9464843f96a58db6f8dd91bf59501c982df0f03f0aceeec11771a73f2842bbda6af9873f337631bfe644a0bf0e08ca988f52953ffef8cc94f4449a3f,4319390b5b9dac3fac1fb0dde6a0f03ff2ffd507504c70bf6e8b59a5f5f3b23fcadbc241731880bf16d5f161fb399e3f366bb2f0fdeeac3f08f6248d302def3f87b972ccdf18843f4efed935acd69fbf3ef8265f9e856c3f55e97646c5cf8e3f84733a45547df03fa9c6b869c5dbaebf02b1458f6750a83f766db02c3b31b63f8cd265888d70f03fae5d8662e16184bf124e92cf92dba6bfb8159225f5a5ed3fd4ccb22054c1a43f4ea53d217950f13f9474946275622e,PRUNED
55,55,8.755647803457983,2026-05-11 21:47:56.192828,2026-05-11 21:48:19.709201,0 days 00:00:23.516373,-32.67222950892277,51.32370710884449,92.78312376753018,48.14814040946138,40.30420523081791,31.0944039993139,-46.9081608746409,60.522643172872414,90.20700301069184,36.5110579367111,19.020211576599802,56.957223734275715,,2.0,800495a6100000000000008c0a636d6165732e5f636d61948c03434d419493942981947d94288c065f6e5f64696d944b0c8c085f706f7073697a65944b0b8c035f6d75944b058c075f6d755f656666948c166e756d70792e5f636f72652e6d756c74696172726179948c067363616c61729493948c056e756d7079948c0564747970659493948c02663894898887945294284b038c013c944e4e4e4affffffff4affffffff4b007494624308e9e8100774510b4094869452948c035f636394680b681143083e6c7d43b18cd03f94869452948c035f633194680b681143089fc67c4e93b7863f94869452948c045f636d7594680b68114308b90fbeb98d89913f94869452948c085f635f7369676d6194680b681143088289198da8f9d03f94869452948c085f645f7369676d6194680b68114308606246236a3ef43f94869452948c035f636d944b018c065f6368695f6e9447400b25064571943c8c085f776569676874739468098c0c5f7265636f6e737472756374949394680c8c076e6461727261799493944b0085944301629487945294284b014b0b8594680e8c02663894898887945294284b0368124e4e4e4affffffff4affffffff4b00749462894358538e214ba67ddb3f2c5e47761ddbd03f4c60b4a91145c53f18b8b48552e2b83f8daa7d42f660a63f00000000000000009bd0b4761a8dc0bf5806fa0273e3cebff539783e76c4d5bfddd50bc2786cdbbf0820f98e2d45e0bf947494628c085f705f7369676d6194682f68314b008594683387945294284b014b0c85946811894360d400dc7f1b91e5bfc8c1c9721d67c5bf9859ac46870c0240464dbcef50edd7bf1d5b07b7bbfbe2bf4fca20772a7fd5bf6854eca4569cf53f74232b172ba0d7bf3db7dd5441cc0040e78695a145f8f0bf80537a08cc69a0bf6c94f7eb5608f73f947494628c035f706394682f68314b008594683387945294284b014b0c85946811894360d03336066cbce6bf2adf41eb4359cebf3b42fed20f000240df53e226a46cd7bf40d05f9db8a1e2bfcbed69a654dad4bf41351b7d8c0ff53fde7336a13725d4bf40e78a85501c0140fde978d07445f1bf680658713ca1abbf9d6af174e7f7f63f947494628c055f6d65616e94682f68314b008594683387945294284b014b0c85946839894360bd7247fce343d93ffcd3a47160a1db3f17864067f177ea3fa1736950371ddd3fee9e9bd6abe0da3f9cdd73957b1fdd3fd2b4acdc1363e53f3471487028e5dd3f93d0c73486f7e93faa1ab58cc5a1d43fb04a9355f224de3fe8635dc1586de63f947494628c065f7369676d6194680b68114308af012c288a99c43f94869452948c025f44944e8c025f42944e8c075f626f756e647394682f68314b008594683387945294284b014b0c4b02869468398943c00,000000000000000000000000000f03f0000000000000000000000000000f03f0000000000000000000000000000f03f0000000000000000000000000000f03f0000000000000000000000000000f03f0000000000000000000000000000f03f0000000000000000000000000000f03f0000000000000000000000000000f03f0000000000000000000000000000f03f0000000000000000000000000000f03f0000000000000000000000000000f03f0000000000000000000000000000f03f947494628c115f6e5f6d61785f726573616d706c696e67944b788c025f67944b028c095f6c725f616461707494898c065f616c70686194473ff66666666666668c0a5f626574615f6d65616e94473fb999999999999a8c0b5f626574615f5369676d6194473f9eb851eb851eb88c065f67616d6d6194473fb999999999999a8c065f456d65616e94682f68314b008594683387945294284b014b0c4b0186946839894360000000000000000000000000000000000000000000000000000000000000000000000000000000000000000000000000000000000000000000000000000000000000000000000000000000000000000000000000000000000000000000000000947494628c075f455369676d6194682f68314b008594683387945294284b014b904b018694683989428004000000000000000000000000000000000000000000000000000000000000000000000000000000000000000000000000000000000000000000000000000000000000000000000000000000000000000000000000000000000000000000000000000000000000000000000000000000000000000000000000000000000000000000000000000000000000000000000000000000000000000000000000000000000000000000000000000000000000000000000000000000000000000000000000000000000000000000000000000000000000000000000000000000000000000000000000000000000000000000000000000000000000000000000000000000000000000000000000000000000000000000000000000000000000000000000000000000000000000000000000000000000000000000000000000000000000000000000000000000000000000000000000000000000000000000000000000000000000000000000000000000000000000000000000000000000000000000000000000000000000000000000000000000000000000000000000000000000000000000000000000000000000000000000000000000000000000000000000000000000000000000000000000000000000000000000000000000000000000000000000000000000000000000000000000000000000000000000000000000000000000000000000000000000000000000000000,0000000000000000000000000000000000000000000000000000000000000000000000000000000000000000000000000000000000000000000000000000000000000000000000000000000000000000000000000000000000000000000000000000000000000000000000000000000000000000000000000000000000000000000000000000000000000000000000000000000000000000000000000000000000000000000000000000000000000000000000000000000000000000000000000000000000000000000000000000000000000000000000000000000000000000000000000000000000000000000000000000000000000000000000000000000000000000000000000000000000000000000000000000000000000000000000000000000000000000000000000000000000000000000000000000000000000000000000000000000000000000000000000000000000000000000000000000000000000000000000000000000000000000000000000000000000000000000000000000000000000000000000000000000000000000000000000000000000000000000000000000000000000000000000000000000000000000000000000000000000000000000000000000000000000000000000000000000000000000000000000000000000000000000000000000000000000000000000000000000000000000000000000000000000000000000000000000000000000000000000000000000000000000000000000000000000000000000000000000000000000000000000000000000000000000000000000000000000000000000000000000000000000000000000000000000000000000000000000000947494628c065f566d65616e944700000000000000008c075f565369676d61944700000000000000008c095f6574615f6d65616e94473ff00000000000008c0a5f6574615f5369676d6194473ff00000000000008c055f746f6c7894680b6811430816383daccc74473d94869452948c075f746f6c787570944740c38800000000008c075f746f6c66756e94473d719799812dea118c105f746f6c636f6e646974696f6e636f76944742d6bcc41e9000008c0d5f66756e686973745f7465726d944b2b8c0f5f66756e686973745f76616c75657394682f68314b008594683387945294284b014b56859468398942b0020000300ec57b75020000b034c47b75020000f0ab18a3ac832140c471531939882140f4438ca0dd81214064a1385d81872140308fc47b75020000d010c57b750200004011c57b750200003036c47b750200001008c57b750200001094c47b750200003032c47b75020000b011c57b75020000c09ac57b7502000030804a7e75020000b0e3c47b75020000f0e0c47b75020000a0a1c57b75020000f0a1c,57b7502000070e1c47b750200005090c47b7502000030804a7e75020000f0dbc47b75020000b0e7c47b75020000b032c47b75020000200bc57b75020000f095c47b7502000030804a7e7502000030d3c47b7502000070d3c47b75020000b022c47b75020000b024c47b75020000209fc57b7502000030804a7e75020000302cc47b75020000b02cc47b75020000302dc47b75020000b031c47b7502000030dbc47b7502000030804a7e75020000f0e1c47b7502000070d6c47b75020000302ac47b750200003034c47b750200003037c47b7502000010a0c57b75020000b02bc47b75020000b033c47b750200003035c47b75020000b0a0c57b75020000b036c47b750200003024c47b75020000b027c47b7502000060a0c57b750200003038c47b75020000b037c47b750200003026c47b750200007094c47b7502000030804a7e75020000b0d3c47b75020000b0d4c47b7502000030804a7e75020000509cc57b75020000409dc57b7502000030804a7e750200009012c57b75020000909dc57b7502000030804a7e75020000b038c47b750200003030c47b750200003039c47b750200007091c47b75020000f0d4c47b75020000e09dc57b7502000030804a7e75020000303ac47b7502000030d5c47b7502000030804a7e75020000b039c47b75020000f08fc47b7502000030804a7e75020000908fc47b75020000b03ac47b7502000030804a7e750200005014c57b75020000947494628c055f635f316494682f68314b008594683387945294284b014b4e85946811894270020000310247f8418bef3fec980d857b2a92bfd99e7eb58052a2bff669da88dc0d9b3ff0928bb70271823fae74d75b3679ab3f2666216e88ab5c3f103e6b6d72e664bf701c63c0dc1f753f642ac2563d4ca93f0d02daa8e7dc6d3f94e92c1c5990773fca78e29d85e8ee3f802f250a18d67cbfec15a42b97d5963f8469fe53e7a275bf3a1ad6079c29923f94f63d0bced489bf58b8e36f75379dbf10aa9dfd1a46753f865e2b1bab01b23fee0122eae70d7b3fb07e5c43a78e5ebf4e62689fbea4f03f92d3cb7a64c57abfd8a94cfdb99e92bf44151209a1b89a3fad0083a85b29b73f1289cbff4ead963f089bfd56c4ffbd3f18368f283313a6bfbd782eeb3e83a2bf556319d6c06db73f20a86608eb54f03fb7e923cc1f7173bf9dd3ebf61bf78bbf8ff8ece7a4eb91bf0009785287b732bf8a3a7fe6ca7282bf741f8fd1b034893f8930e2d1130890bf3f19ba9aa39693bf2ca623300e5aef3f10416beb4199583fb8e0be4dd8c183bf804e1862eb6867bf77a3e0dd237797bf23ab0cf897317d3ff12231bf9464843f96a58db6f8dd91bf59501c982df0f03f0aceeec11771a73f2842bbda6af9873f337631bfe644a0bf0e08ca988f52953ffef8cc94f4449a3f,4319390b5b9dac3fac1fb0dde6a0f03ff2ffd507504c70bf6e8b59a5f5f3b23fcadbc241731880bf16d5f161fb399e3f366bb2f0fdeeac3f08f6248d302def3f87b972ccdf18843f4efed935acd69fbf3ef8265f9e856c3f55e97646c5cf8e3f84733a45547df03fa9c6b869c5dbaebf02b1458f6750a83f766db02c3b31b63f8cd265888d70f03fae5d8662e16184bf124e92cf92dba6bfb8159225f5a5ed3fd4ccb22054c1a43f4ea53d217950f13f9474946275622e,COMPLETE
56,56,140.0,2026-05-11 21:48:21.600450,2026-05-11 21:48:21.828818,0 days 00:00:00.228368,-55.842058406214406,42.661474032297015,97.3283147126781,37.66517776635174,42.92580152786863,48.10140264631117,-40.41431072152074,45.767979649352235,79.79454957878022,45.24599924470054,43.82873144484343,55.517340076801375,Unfeasible shape,2.0,,,,,,PRUNED
57,57,8.755596634137419,2026-05-11 21:48:21.951342,2026-05-11 21:48:50.270711,0 days 00:00:28.319369,-56.58523941150338,48.56962004843246,87.63842548067569,42.74432009112959,42.97554430405101,23.97904981256701,-53.73615301631495,64.36842396029863,76.22597581505616,37.27985577270485,24.209282913584794,56.52105703094486,,2.0,,,,,,COMPLETE
58,58,140.0,2026-05-11 21:48:52.645379,2026-05-11 21:48:53.070991,0 days 00:00:00.425612,-59.285465429203626,55.21884408388239,80.7908101699848,35.620945984611566,34.08675763426738,53.0794884427435,-44.56905486435802,41.88426222074435,75.24160184356245,33.563034868286636,47.3979942633815,44.771946814141906,Unfeasible shape,2.0,,,,,,PRUNED
59,59,140.0,2026-05-11 21:48:53.217574,2026-05-11 21:48:53.597174,0 days 00:00:00.379600,-54.20858772167121,52.51055489632992,85.91786930828916,66.50062296293831,37.35433159964993,4.40556408900781,-41.39491939828801,63.23732288828737,95.2168904449447,24.15063726205439,41.50010524777252,60.566721703996436,Unfeasible shape,2.0,,,,,,PRUNED
60,60,140.0,2026-05-11 21:48:53.736952,2026-05-11 21:48:54.088468,0 days 00:00:00.351516,-72.42521353968299,53.44556175632854,97.33086081344473,61.612366866596474,34.118076658334566,22.285274561260064,-38.2882423732321,45.44690857655292,82.24579440880818,39.67543483322045,36.67880654306631,67.89627966661295,Unfeasible shape,2.0,,,,,,PRUNED
61,61,8.75633288104516,2026-05-11 21:48:54.243433,2026-05-11 21:49:25.768235,0 days 00:00:31.524802,-54.58534080405749,38.31242969054148,80.92055539300058,41.400392843066086,23.814615269856855,28.23105151007886,-29.278670709668177,33.032260879870535,90.75919656267727,49.50024356549946,46.57268619321891,66.62904508878418,,2.0,,,,,,COMPLETE
62,62,140.0,2026-05-11 21:49:27.941382,2026-05-11 21:49:28.171691,0 days 00:00:00.230309,-72.17190771758061,48.93287753753822,86.86060385152213,55.265370362934725,38.87464166422174,33.20877430114359,-36.53257988594808,32.12949879233504,66.08785971454816,74.67771887905928,31.406506888315413,36.99014509417072,Unfeasible shape,2.0,,,,,,PRUNED
63,63,140.0,2026-05-11 21:49:28.311855,2026-05-11 21:49:28.600263,0 days 00:00:00.288408,-61.533988749923395,87.03229098387999,62.56049096396195,65.48396551508361,24.11067013885327,28.760137770436245,-36.791489990413154,23.20067157590273,68.37884079605463,53.429707968809296,54.825621333178745,47.26675287645166,Unfeasible shape,2.0,,,,,,PRUNED
64,64,140.0,2026-05-11 21:49:28.733340,2026-05-11 21:49:29.014340,0 days 00:00:00.281000,-56.47661848740232,29.5863701578769,56.09701205795305,54.44843475052356,49.47214012404007,7.616299203652151,-32.754261303913275,66.81550635792918,92.0201958321162,57.67113930178695,19.720573298071685,39.94621751226411,Unfeasible shape,2.0,,,,,,PRUNED
65,65,140.0,2026-05-11 21:49:29.138652,2026-05-11 21:49:29.382387,0 days 00:00:00.243735,-40.59790601020085,25.95788226668162,91.05038759336026,70.30668430711256,35.71741761949765,24.306778327997673,-44.571162943448755,49.30284690931493,88.32620021562268,66.86570168783075,34.14069961019132,42.170013166337654,Unfeasible shape,2.0,,,,,,PRUNED
66,66,140.0,2026-05-11 21:49:29.512455,2026-05-11 21:49:29.755815,0 days 00:00:00.243360,-53.312742079203254,50.28547559850232,84.73180969654886,54.56150372267288,30.506012059619575,25.766259993709394,-31.483400090399755,69.45308147777185,57.05796819021245,39.96401546051335,35.222430812280614,52.25477482415299,Unfeasible shape,2.0,,,,,,PRUNED
67,67,140.0,2026-05-11 21:49:29.892793,2026-05-11 21:49:30.126417,0 days 00:00:00.233624,-56.103409980332955,29.343790006975308,85.67604378567864,61.728309384553626,1.734171800883426,45.2493033064191,-28.734356738878816,63.71117603621459,75.44718796849034,50.76001362466833,52.05322856208656,45.7798613877615,Unfeasible shape,2.0,,,,,,PRUNED
68,68,8.759015169363131,2026-05-11 21:49:30.258144,2026-05-11 21:49:44.705018,0 days 00:00:14.446874,-53.46023643220727,48.99291567202986,64.89316010399338,52.49772269771548,48.41425323253411,15.806814720319174,-46.74459183690471,63.938007813051286,90.96370055407414,53.436264946070935,26.249173908474027,44.76975669905141,,2.0,,,,,,COMPLETE
69,69,140.0,2026-05-11 21:49:46.891632,2026-05-11 21:49:47.156241,0 days 00:00:00.264609,-65.75488644042298,44.33770738749312,77.85754571782756,33.89439119888309,17.821532495014008,38.69199003231618,-36.80777912523616,67.43423474163669,60.28725000921054,33.832126388585806,34.368173380176195,54.772650063861725,Unfeasible shape,2.0,,,,,,PRUNED
70,70,140.0,2026-05-11 21:49:47.305770,2026-05-11 21:49:47.652921,0 days 00:00:00.347151,-55.525757148173945,53.6204613298748,76.25260824871117,59.17451750234932,30.653585721841253,34.279192292769615,-35.897208081591835,82.57522514701063,59.126672646453805,87.30488422197911,31.32995671251661,49.459881279756665,Unfeasible shape,2.0,,,,,,PRUNED
71,71,140.0,2026-05-11 21:49:47.789686,2026-05-11 21:49:48.044307,0 days 00:00:00.254621,-48.71679023036813,73.18714619930728,98.7859557406114,61.29527864422686,33.81957501622609,35.19154187128872,-38.56268958618359,38.12619758418249,87.17410248035456,26.523535841311432,35.29225029395577,55.90397780375143,Unfeasible shape,2.0,,,,,,PRUNED
72,72,140.0,2026-05-11 21:49:48.176855,2026-05-11 21:49:48.407915,0 days 00:00:00.231060,-44.03396723889485,49.5337783383683,76.65062581442956,51.927684926898934,26.85779214917372,15.255969474843818,-28.34756423573461,35.43497097819467,87.01355974639614,32.34447012112997,39.90272825315598,47.016864968196735,Unfeasible shape,2.0,,,,,,PRUNED
73,73,140.0,2026-05-11 21:49:48.535628,2026-05-11 21:49:48.790251,0 days 00:00:00.254623,-66.20122863562248,38.71369921514769,83.95073953885506,50.094522637793666,14.06515780461564,33.88650359191212,-23.910664045302205,39.670207440155714,79.68071384435085,41.50294472403992,27.27351034135292,52.84450667707029,Unfeasible shape,2.0,,,,,,PRUNED
74,74,140.0,2026-05-11 21:49:48.923794,2026-05-11 21:49:49.233422,0 days 00:00:00.309628,-52.53998322525013,32.96896766677405,79.73856015888667,51.94781595096899,34.22412583739158,41.60069968889278,-37.629779839236264,54.960923462219284,89.6897998051793,38.0338262517743,16.483381665387398,53.97680372471971,Unfeasible shape,2.0,,,,,,PRUNED
75,75,140.0,2026-05-11 21:49:49.371623,2026-05-11 21:49:49.601696,0 days 00:00:00.230073,-44.657557371932555,34.06196135800546,72.91596198594442,47.14247857481027,19.87202046455784,54.20209246675488,-41.001709694031696,52.68038633824846,74.47442158769249,46.18783909660039,41.958292069348815,46.81027216588952,Unfeasible shape,2.0,,,,,,PRUNED
76,76,8.75425003272418,2026-05-11 21:49:49.725989,2026-05-11 21:50:06.872359,0 days 00:00:17.146370,-45.71086032352334,37.77160868729251,61.862804865451395,48.977164705349104,65.97983000476258,16.645794967362807,-22.63136650899512,41.722148619383006,89.46239410700286,41.011396149601715,51.00967337830944,51.71809248340408,,2.0,,,,,,COMPLETE
77,77,140.0,2026-05-11 21:50:08.633391,2026-05-11 21:50:08.890984,0 days 00:00:00.257593,-45.98407085012633,49.399454060654065,71.33375193132062,85.81640526740223,40.800388353443005,44.08562506565728,-31.1898399895612,52.49012551791178,66.42103237907325,41.41580762982536,48.5350697588925,56.330949726276344,Unfeasible shape,2.0,,,,,,PRUNED
78,78,140.0,2026-05-11 21:50:09.039534,2026-05-11 21:50:09.346886,0 days 00:00:00.307352,-75.15441654735676,71.07579506490745,86.2378460833365,57.70413048198399,36.28209557277433,28.18255890116727,-47.75183121428444,58.425907435075196,97.9147664391604,54.33790916494525,45.886302317804954,70.55329681898748,Unfeasible shape,2.0,,,,,,PRUNED
79,79,140.0,2026-05-11 21:50:09.471956,2026-05-11 21:50:09.721013,0 days 00:00:00.249057,-52.86122153870418,35.578291694583385,72.79009486523643,68.52831569719874,30.070568673314447,66.29362883639651,-44.93346129947436,50.46291647575002,69.5320308031869,41.16087617091215,22.90191412891408,66.33806323365204,Unfeasible shape,2.0,,,,,,PRUNED
80,80,140.0,2026-05-11 21:50:09.897081,2026-05-11 21:50:10.128160,0 days 00:00:00.231079,-65.51928934752334,69.1632095309549,84.19118365625825,45.837121525336734,26.87576676934987,44.444866423688104,-48.83187564441681,44.358703885050275,66.51361737999119,32.80039049529175,47.47156628466651,55.58820574839019,Unfeasible shape,2.0,,,,,,PRUNED
81,81,140.0,2026-05-11 21:50:10.274488,2026-05-11 21:50:10.517000,0 days 00:00:00.242512,-52.93676024807332,27.806090775674,83.1246458200047,65.53185613371946,12.555563781973834,17.478450005250707,-35.51799693162839,24.867939446791734,69.26258729059529,38.75931332723532,29.66942469904926,69.34275208403137,Unfeasible shape,2.0,,,,,,PRUNED
82,82,8.753665706363705,2026-05-11 21:50:10.663100,2026-05-11 21:50:23.971532,0 days 00:00:13.308432,-58.003590051790134,62.29531577631722,88.34864370581478,67.14311623061681,24.075853634207988,24.39666667294756,-45.83562756362424,58.578435590936,72.39260838033164,25.234480618806018,17.09632504489509,41.10729935944531,,2.0,,,,,,COMPLETE
83,83,140.0,2026-05-11 21:50:26.061978,2026-05-11 21:50:26.423710,0 days 00:00:00.361732,-59.03024093209298,48.28603691334416,58.48585409551675,28.91111293203273,22.19888203145532,17.880436735091113,-33.27887246228391,45.459558876146026,76.2778631562093,48.89286882839466,32.30910287445829,55.37563267202312,Unfeasible shape,2.0,,,,,,PRUNED
84,84,140.0,2026-05-11 21:50:26.558789,2026-05-11 21:50:26.837896,0 days 00:00:00.279107,-55.630941520707395,60.06245400253103,98.57455499249028,49.36492804979764,36.1890027904265,32.003761174055676,-46.74334735379682,62.031161543196475,82.67536675366503,35.630487492883276,29.53245309494498,62.66025280777114,Unfeasible shape,2.0,,,,,,PRUNED
85,85,140.0,2026-05-11 21:50:26.998956,2026-05-11 21:50:27.220010,0 days 00:00:00.221054,-47.736938376436136,49.72451090889862,93.72122078575568,39.17383489896808,28.06066600878246,40.56043585468176,-29.343443058106075,49.87732547217385,79.18518743983174,72.95373791149734,40.6929874278471,54.16813935577213,Unfeasible shape,2.0,,,,,,PRUNED
86,86,140.0,2026-05-11 21:50:27.351340,2026-05-11 21:50:27.651935,0 days 00:00:00.300595,-46.239549656926485,35.25660246161539,79.78225284033623,46.1473581281895,31.329276136755315,36.9428841769755,-44.062569522720516,29.779168941505077,97.13114912911564,37.8107676353543,28.63550308360077,52.8398978671507,Unfeasible shape,2.0,,,,,,PRUNED
87,87,140.0,2026-05-11 21:50:27.798983,2026-05-11 21:50:28.043070,0 days 00:00:00.244087,-45.171617606547585,81.52059983971952,92.68709588115966,77.99977190329881,51.19949461634338,56.434523272383565,-54.48019842824992,62.5542609370205,80.83718295657188,32.212964850867806,34.494930983997534,44.568692717353336,Unfeasible shape,2.0,,,,,,PRUNED
88,88,140.0,2026-05-11 21:50:28.180119,2026-05-11 21:50:28.412203,0 days 00:00:00.232084,-39.875755658412295,50.50146782570529,93.1077453495052,49.21094620978111,46.703333318279206,32.37231103948225,-33.68139170486349,35.249419557617486,75.75071967645847,41.228287038667084,43.31831745363797,56.65217002720476,Unfeasible shape,2.0,,,,,,PRUNED
89,89,8.756992733886108,2026-05-11 21:50:28.547745,2026-05-11 21:50:44.055784,0 days 00:00:15.508039,-66.29039716335687,58.9619471947959,70.13571816133651,49.90167067462811,32.613671103462615,43.37407514997408,-48.80231019900152,74.73645810212483,68.71233301689963,22.296255602282184,9.525485867305958,53.783313018405565,,2.0,,,,,,COMPLETE
90,90,140.0,2026-05-11 21:50:45.777893,2026-05-11 21:50:46.006684,0 days 00:00:00.228791,-66.95526483883555,79.57713264041043,66.61863770242567,23.29034312993496,26.10311323730651,32.52155327941117,-34.932054566708175,59.90700631035801,76.27675085477232,53.25325751980748,21.716144704465535,60.99065702584811,Unfeasible shape,2.0,,,,,,PRUNED
91,91,140.0,2026-05-11 21:50:46.144209,2026-05-11 21:50:46.396809,0 days 00:00:00.252600,-65.75244315750186,55.432108687992226,53.72426141585777,25.07052974294045,33.67281508031522,32.53855476580783,-36.392884570836976,65.03454315510503,61.72846751501122,60.200337235932736,27.643257094410355,54.50863873621988,Unfeasible shape,2.0,,,,,,PRUNED
92,92,140.0,2026-05-11 21:50:46.543348,2026-05-11 21:50:46.787953,0 days 00:00:00.244605,-43.78773775891264,34.18156377158156,94.4184853972167,66.31597760999672,20.6601755279697,53.30414055283842,-41.93316781852214,60.957286778315044,77.65998943520918,54.36677897321444,43.03493222625614,49.91627169470194,Unfeasible shape,2.0,,,,,,PRUNED
93,93,140.0,2026-05-11 21:50:46.918028,2026-05-11 21:50:47.275946,0 days 00:00:00.357918,-47.339244824041955,38.01295400957936,90.06190493979999,65.75573190692779,41.65121442999104,32.013166130289086,-44.37428831844039,48.92092647493582,96.64815366592889,23.414818953373466,31.37634466095654,60.24850616031536,Unfeasible shape,2.0,,,,,,PRUNED
94,94,140.0,2026-05-11 21:50:47.404477,2026-05-11 21:50:47.835605,0 days 00:00:00.431128,-42.143779061534346,46.51122591383468,65.42087006308657,47.65058209083665,29.58047891352305,66.97125558728303,-53.83434907691948,60.68391235079511,83.89809641324224,30.809783805259137,39.07984403952428,51.387165424807186,Unfeasible shape,2.0,,,,,,PRUNED
95,95,140.0,2026-05-11 21:50:47.965157,2026-05-11 21:50:48.229565,0 days 00:00:00.264408,-50.25410379610278,48.278074475238235,81.65213493994702,72.33861990296165,17.78231480574503,25.121929764530474,-44.29738103445997,42.87928622243369,87.65400586675796,37.706274744391266,34.84707229109037,50.05546252573143,Unfeasible shape,2.0,,,,,,PRUNED
96,96,140.0,2026-05-11 21:50:48.385294,2026-05-11 21:50:48.634086,0 days 00:00:00.248792,-55.172531115734664,57.97595032072519,50.90185016589696,54.85851355048845,30.207453496001754,40.81327102496648,-33.72357474833795,64.88031781438553,87.57379979034064,19.925999664913398,49.36236222817905,61.47420916532741,Unfeasible shape,2.0,,,,,,PRUNED
97,97,140.0,2026-05-11 21:50:48.806168,2026-05-11 21:50:49.065248,0 days 00:00:00.259080,-46.60649136804054,26.016372699081618,63.012816538226566,30.353640708362594,13.023980768813164,35.848541798564916,-39.42787435243192,47.553287021680205,49.76650253763344,34.70560929349841,44.889480155406666,63.87071814772323,Unfeasible shape,2.0,,,,,,PRUNED
98,98,140.0,2026-05-11 21:50:49.199313,2026-05-11 21:50:49.435751,0 days 00:00:00.236438,-60.93429653966495,50.755030943622245,95.40711082528931,63.33768893100062,24.410042639880235,30.603043204137585,-50.7327086202383,75.78749300830766,92.9440369759859,54.76539730164481,52.479650647355804,54.59100833061383,Unfeasible shape,2.0,,,,,,PRUNED
99,99,140.0,2026-05-11 21:50:49.564134,2026-05-11 21:50:49.781732,0 days 00:00:00.217598,-51.98299391290217,38.02422884928272,61.779687045616804,42.62430178104198,37.641339208126674,33.54141174468319,-25.422274497816964,68.52147620011806,96.67187788868404,61.85175099363268,54.64598496890558,39.30984931663492,Unfeasible shape,2.0,,,,,,PRUNED
