,number,value,datetime_start,datetime_complete,duration,params_lLegPt.lL0,params_lLegPt.lL1,params_lLegPt.lL2,params_lLegPt.rA1,params_lLegPt.rL0,params_lLegPt.rL1,params_lLegPt.rL2,params_lLegPt.x1,params_lLegPt.y1,params_sLegMotor,params_sLegPt.lL0,params_sLegPt.lL1,params_sLegPt.lL2,params_sLegPt.rA1,params_sLegPt.rL0,params_sLegPt.rL1,params_sLegPt.rL2,params_sLegPt.x1,params_sLegPt.y1,params_sLegPulley,user_attrs_prune,system_attrs_auto,sampler,state
67,67,1.118448000000000,2026-04-20 11:15:57.280784,2026-04-20 11:16:05.013670,0 days 00:00:07.732886,20.979330999999998,96.02471000000000,11.41611300000000,-27.555153000000001,31.20091500000000,33.779454999999999,35.89666200000000,30.287645000000001,14.622305000000001,23.7669970000000,92.9886470000000,23.721806999999998,-25.834779999999999,83.97162500000000,69.10256900000000,50.308894000000002,47.07816600000000,29.82704900000000,,RandomSampler,COMPLETE,,,
69,69,0.13771900000000001,2026-04-20 11:16:10.005828,2026-04-20 11:16:17.912436,0 days 00:00:07.906608,12.664704000000000,58.32977700000000,27.68326300000000,-51.64122100000000,99.87096200000001,78.91013700000001,66.77852799999999,46.23589100000000,18.557943000000002,39.81035700000000,31.681963000000000,25.276022000000001,-23.220552000000001,27.257679000000000,33.98726400000000,91.19517399999999,31.649149999999999,22.468176000000000,,GPSampler,COMPLETE,,,
135,135,0.0961410000000000,2026-04-20 11:21:53.857368,2026-04-20 11:22:02.577613,0 days 00:00:08.720245,82.92299199999999,72.85991600000000,90.6040340000000,-28.131575000000002,74.95100499999999,87.5624340000000,26.83158500000000,31.01378700000000,28.085834999999999,21.013453999999999,22.918009999999999,30.194277000000000,-38.053612999999999,87.23119400000000,10.730962999999999,65.0410560000000,49.219960999999998,25.168655000000001,,GPSampler,COMPLETE,,,
376,376,0.7708110000000000,2026-04-20 11:41:38.304948,2026-04-20 11:41:46.093720,0 days 00:00:07.788772,75.61699200000000,27.561370000000000,23.83881200000000,-56.228617999999997,75.09748900000000,83.14339400000000,59.33021300000000,39.72777300000000,22.44792700000000,29.79295900000000,20.20599900000000,18.629695999999999,-55.20937800000000,30.97356800000000,48.16659700000000,11.54820600000000,33.25996200000000,24.182364000000000,,GPSampler,COMPLETE,,,
409,409,0.12477900000000000,2026-04-20 11:44:20.039107,2026-04-20 11:44:28.130186,0 days 00:00:08.091079,20.034172999999999,60.28936600000000,81.42362300000001,-40.471972000000001,50.60257700000000,47.4607670000000,71.42598200000000,32.00870900000000,11.524887000000000,18.42449700000000,28.288709000000001,21.468505000000000,-22.07110400000000,49.13934800000000,27.47932100000000,43.1494170000000,30.928061000000000,17.69023800000000,,GPSampler,COMPLETE,,,
421,421,4.358903000000000,2026-04-20 11:45:19.926261,2026-04-20 11:45:27.854553,0 days 00:00:07.928292,36.35698300000000,30.305567000000000,50.85809000000000,-53.698853000000000,61.11690800000000,59.39326500000000,53.427748999999999,36.33321300000000,12.472235000000000,36.640124999999998,32.85655200000000,17.060675000000000,-39.446818999999998,45.01721300000000,14.241261000000000,43.87617000000000,36.19176500000000,11.497090000000000,,GPSampler,COMPLETE,,,
430,430,1.486676000000000,2026-04-20 11:46:08.921718,2026-04-20 11:46:16.991324,0 days 00:00:08.069606,43.96916100000000,27.402584999999998,63.63569600000000,-45.4557570000000,64.35092700000000,33.720939000000001,63.26701100000000,41.02758900000000,26.06881800000000,79.93817000000000,30.97023600000000,60.955708000000001,-20.51160200000000,42.04476700000000,27.340259000000000,79.4086010000000,37.097883000000003,23.9725060000000,,GPSampler,COMPLETE,,,
467,467,3.8551289999999998,2026-04-20 11:49:09.796509,2026-04-20 11:49:17.875547,0 days 00:00:08.079038,83.0819360000000,74.55940200000001,31.485726000000000,-36.757562999999998,57.533496000000000,30.73470700000000,46.49144300000000,37.84831800000000,19.37360300000000,81.35622700000000,52.54878300000000,22.95026100000000,-51.5216360000000,17.20505200000000,24.110992000000000,44.778168000000001,36.27866500000000,13.402070000000000,,GPSampler,COMPLETE,,,
504,504,0.17073300000000000,2026-04-20 11:52:10.699907,2026-04-20 11:52:18.797026,0 days 00:00:08.097119,90.06525999999999,41.44099900000000,52.135137000000000,-35.06815700000000,96.73726100000000,65.51409800000000,69.74833000000000,48.64423400000000,25.631392000000002,47.10302800000000,55.38830200000000,40.77397800000000,-25.271478999999999,12.06102600000000,21.577839999999998,90.37566300000000,48.00529400000000,24.454839000000000,,GPSampler,COMPLETE,,,
588,588,0.17365600000000000,2026-04-20 11:59:00.021247,2026-04-20 11:59:07.845482,0 days 00:00:07.824235,54.88463500000000,80.16862000000000,68.95068000000001,-31.81700100000000,21.97046300000000,54.38789000000000,48.13357600000000,49.03651400000000,27.160520000000002,64.28827500000000,17.468050999999999,46.697208000000003,-61.55626100000000,47.72583800000000,11.290825999999999,41.27215900000000,37.04926200000000,26.713819000000001,,GPSampler,COMPLETE
1,1,0.041585686412464185,2026-04-20 17:27:58.093270,2026-04-20 17:28:08.038358,0 days 00:00:09.945088,-24.96638492073091,92.50253731583362,83.66273339129104,46.473178151289794,34.92833012982581,15.401568263143277,-41.904787458108906,26.723030210088254,60.16523175413013,90.80683495197405,39.73613224347702,14.936215201820302,,RandomSampler,COMPLETE
3,3,0.03896903501747673,2026-04-20 17:28:17.966740,2026-04-20 17:28:27.211582,0 days 00:00:09.244842,-28.19691024000172,36.19269682426794,28.23325718990153,86.1123969398912,43.93855985218736,26.47911358173488,-78.52926155699625,78.69931430256105,55.881038223506074,93.65092208537331,47.47073067147385,28.221436521008883,,GPSampler,COMPLETE
4,4,1.8448352308947449,2026-04-20 17:28:28.587072,2026-04-20 17:28:37.802667,0 days 00:00:09.215595,-52.50278585115485,40.679801129960715,23.117934904255833,21.515979320417397,46.964177325621776,15.487170248002933,-43.09478837574586,93.17839595520806,60.749735775403806,39.874013871424715,46.38118097473554,14.348777501612386,,GPSampler,COMPLETE
5,5,0.02055840857544311,2026-04-20 17:28:38.552473,2026-04-20 17:28:47.934890,0 days 00:00:09.382417,-61.60380455726784,27.696261011717223,81.87554128331206,11.739174809125307,49.04746294106853,19.242100591009752,-54.40725770376052,50.8454123672442,56.7041597596384,96.91778286757675,43.83819301817589,28.295566242027967,,GPSampler,COMPLETE
6,6,0.038093204634506606,2026-04-20 17:28:49.027591,2026-04-20 17:28:58.675934,0 days 00:00:09.648343,-49.291863233662525,86.72522136353382,96.31802311320287,77.4628012101334,47.82152956125272,21.620346715560355,-50.976943285916555,88.41085694875444,84.28557216748008,58.16034580215888,48.81595743524797,19.61545568618767,,GPSampler,COMPLETE
8,8,0.036247407720825464,2026-04-20 17:29:04.703870,2026-04-20 17:29:13.933114,0 days 00:00:09.229244,-48.18832043732654,84.93172104748855,53.288582907368856,22.054283763116356,39.17966639699708,24.70233572181735,-35.37860421928967,63.24480094938366,56.15495669258696,57.50924531757185,48.19418969412501,24.28580081016682,,GPSampler,COMPLETE
11,11,0.058248104258158406,2026-04-20 17:29:33.660378,2026-04-20 17:29:44.415784,0 days 00:00:10.755406,-33.551522329363,24.566011409462448,46.74723631267599,47.63571832789434,32.52936890591388,25.393613650070066,-50.97155009549859,76.217081125834,26.08774410182314,11.643266367147511,43.324244017566905,26.452718408978775,,GPSampler,COMPLETE
12,12,0.02823530669176222,2026-04-20 17:29:45.874359,2026-04-20 17:29:57.371729,0 days 00:00:11.497370,-34.17517134218,75.42109164786292,34.766478708164975,78.55042011857807,42.47337962913114,28.489150322117624,-38.77813301359484,99.10872256402834,92.37571623989129,89.07059219863811,38.12037687428308,14.417746705906062,,GPSampler,COMPLETE
13,13,0.02752712128434709,2026-04-20 17:29:58.404250,2026-04-20 17:30:08.563940,0 days 00:00:10.159690,-36.325583825984886,93.09789894495621,29.255723985715022,45.63011268180311,42.166447879535035,25.699741376627543,-71.00532988929959,92.0955745923726,46.94776399450522,11.427058860991387,41.465802709071724,10.877012709320908,,GPSampler,COMPLETE
14,14,0.06039809058869494,2026-04-20 17:30:09.994439,2026-04-20 17:30:19.886335,0 days 00:00:09.891896,-71.41772712990272,49.57743667036499,18.208189419930214,98.24200852995367,41.50271499035008,29.544324517819312,-25.664318353884006,36.15217489710051,50.149919272525196,18.510421018076887,48.63684714616498,20.297166427430156,,GPSampler,COMPLETE
0,0,0.049467497724002385,2026-04-20 17:33:03.777598,2026-04-20 17:33:14.087573,0 days 00:00:10.309975,-29.75226816300168,29.334050895592163,19.372544638523387,95.73721533889098,44.62377417702868,28.715598869574393,-50.81852269375814,10.113778824207806,36.76972022463595,92.21129904460805,42.77327620250556,24.760693228827343,,RandomSampler,COMPLETE
1,1,0.031490048163853146,2026-04-20 17:33:15.268023,2026-04-20 17:33:25.367692,0 days 00:00:10.099669,-38.62726512805467,84.9214831407986,96.0825501126284,34.390519033871556,35.25333077911977,21.008340032330807,-41.646514873833915,22.391108398838597,89.43152579554696,85.3514802526002,31.623689517583756,17.05261299933844,,GPSampler,COMPLETE
3,3,0.6185811570836783,2026-04-20 17:33:30.450315,2026-04-20 17:33:39.717784,0 days 00:00:09.267469,-36.01029549843671,95.89977216522392,72.5888791929723,85.60065573237786,30.964940644759096,12.268809594347228,-75.31223675818217,53.698633042797546,20.136966536356827,24.19127828606831,38.879296893552294,13.026980753767116,,GPSampler,COMPLETE
5,5,0.06013495289418458,2026-04-20 17:33:48.925125,2026-04-20 17:33:58.488291,0 days 00:00:09.563166,-70.61187307802714,53.694602800998176,93.70185576202037,36.880171740633116,39.690887795786225,25.40507135879038,-24.987177889386153,37.704021158360135,91.62315270358617,19.030602029328335,34.91311542843376,29.293738666775095,,GPSampler,COMPLETE
9,9,0.049715653336146914,2026-04-20 17:34:22.134867,2026-04-20 17:34:31.519391,0 days 00:00:09.384524,-57.015223387759924,95.11457953327793,16.51847353041711,45.70515660306979,49.06055965043167,21.483828875074998,-28.820570915032995,37.14469281270914,62.569804688002954,77.51569895846572,31.131489006429938,29.416914298748765,,GPSampler,COMPLETE
10,10,0.976405722815997,2026-04-20 17:34:33.040295,2026-04-20 17:34:43.129151,0 days 00:00:10.088856,-62.408221301466526,67.66058794451848,20.854627927269235,26.49956503754417,44.18206239246337,12.835037935774235,-66.95977695904963,53.57171265236482,85.00237425881932,24.569303686595653,39.2584632023299,22.36496009742603,,GPSampler,COMPLETE
13,13,0.06288873017697938,2026-04-20 17:34:58.729309,2026-04-20 17:35:07.509622,0 days 00:00:08.780313,-76.8749212123315,95.10807165430082,17.546434932055128,33.44372999935326,36.89914582501948,12.635424033305142,-29.579640375224365,29.47135848329478,15.07019093937822,57.29732256975655,44.09948759333728,14.888898170594782,,GPSampler,COMPLETE
14,14,3.3872946458740856,2026-04-20 17:35:08.744729,2026-04-20 17:35:18.546554,0 days 00:00:09.801825,-46.562554730406575,99.69644420031804,16.03691076982847,76.46004973164139,46.48741985273303,11.436364724436196,-73.49072754488974,47.685918029827036,80.88029280871179,82.64878179068019,43.25161029670504,25.95634809191946,,GPSampler,COMPLETE
16,16,0.05088067951346886,2026-04-20 17:35:25.367590,2026-04-20 17:35:35.357598,0 days 00:00:09.990008,-52.63473138999228,41.66407270043871,22.314175765344945,92.56422729839056,37.26893042675512,24.571232430106793,-31.835134858465658,97.39759989860046,32.24842033793135,31.14536014328537,43.00925562994072,13.20006964246929,,GPSampler,COMPLETE
18,18,0.05389596136649999,2026-04-20 17:35:42.468244,2026-04-20 17:35:52.517814,0 days 00:00:10.049570,-48.86294435689673,41.1173782130711,40.45886010639423,49.6887121941294,33.835514582059844,28.700693063305646,-49.820424949984044,22.671794965040412,15.098106397665163,75.3358857254028,43.57074086580083,23.89633241370507,,GPSampler,COMPLETE
1,1,0.05079176636083815,2026-04-20 17:39:25.342458,2026-04-20 17:39:35.644408,0 days 00:00:10.301950,-54.592150154561594,94.26528590010294,35.66791367969341,35.036688533926,40.096440423833165,12.58184308861049,-52.86709838644522,45.4813216212391,48.66086344569395,35.54205913978102,46.006378879274536,15.400433104424279,,RandomSampler,COMPLETE
2,2,0.040955733632973335,2026-04-20 17:39:37.022854,2026-04-20 17:39:46.404555,0 days 00:00:09.381701,-72.43347405768037,44.05020232346567,63.03459198216299,51.561224751874036,44.75707608436497,21.710645341372008,-48.42771591083422,18.458556685849832,22.832352990343587,51.88442729143423,44.19830570624837,28.067825673547933,,GPSampler,COMPLETE
3,3,4.08343589837385,2026-04-20 17:39:47.714626,2026-04-20 17:39:59.475046,0 days 00:00:11.760420,-35.61107493076469,63.231144440602144,31.161568822595246,54.92884262666614,31.16296351595562,11.3439699097425,-58.62824627158244,86.78115746777644,36.59971424448862,39.4936491028961,33.29080348418966,11.250445900533968,,GPSampler,COMPLETE
5,5,0.05549609695290769,2026-04-20 17:40:00.051302,2026-04-20 17:40:10.427081,0 days 00:00:10.375779,-59.91328186402943,66.11633314800427,18.087693384528226,41.32319728991441,31.664100861271734,14.25465456954032,-57.677134434184964,11.388914835388514,69.93753458388404,16.502627988871183,33.28696448066199,23.12848858638165,,GPSampler,COMPLETE
6,6,0.04208112154902466,2026-04-20 17:40:11.757638,2026-04-20 17:40:20.791953,0 days 00:00:09.034315,-62.867892746593085,94.28207295355743,83.68573516676018,73.3054703263594,38.674556561633295,17.83542112558181,-75.5388437372353,50.20481883191373,86.54078559161881,36.51323633544746,38.11749467751185,27.954270770458027,,GPSampler,COMPLETE
8,8,0.15904160590979188,2026-04-20 17:40:26.501186,2026-04-20 17:40:35.980861,0 days 00:00:09.479675,-35.916290572138365,56.62184718466889,62.94477717357574,57.318662249475494,44.53598001033746,17.59231306489604,-53.914444040330814,32.421905440655706,39.47181285866482,10.215999438578887,38.12788389980169,16.263754830490775,,GPSampler,COMPLETE
9,9,0.036708161381554305,2026-04-20 17:40:37.435112,2026-04-20 17:40:46.776134,0 days 00:00:09.341022,-34.4207983373345,84.30940505537043,49.65901534513486,22.592742726281088,37.667561394584325,23.32847486827325,-72.92420718735508,46.526579139987746,23.05943216200805,58.86761701694517,45.94668073377626,11.361794269574464,,GPSampler,COMPLETE
10,10,0.05857875606795915,2026-04-20 17:40:47.471066,2026-04-20 17:40:57.497458,0 days 00:00:10.026392,-34.55262905243912,68.30461208042567,51.51799513723238,25.002367620516146,42.728796378131996,19.215408084795147,-67.62213801944874,43.72014827347781,34.943857842560845,51.04063231588429,42.8661521508231,16.81294967104992,,GPSampler,COMPLETE
12,12,0.048625849743256566,2026-04-20 17:41:04.351234,2026-04-20 17:41:14.724839,0 days 00:00:10.373605,-58.78171574340789,25.534251702445225,38.22164047065179,35.544441028812884,42.60137177749891,24.711042816465103,-54.33367834122693,71.77376267278537,66.13376351603495,62.772014701215014,47.930725131495805,12.303045242171747,,GPSampler,COMPLETE
13,13,0.025643557724770005,2026-04-20 17:41:16.182509,2026-04-20 17:41:28.826481,0 days 00:00:12.643972,-33.434148698157934,63.52946444763548,11.959163364368328,20.064272108362786,37.12978813112539,28.574428727735224,-66.51888310842814,96.2915111043363,14.64903909139794,97.00152597074391,43.62232315926526,29.113015424730328,,GPSampler,COMPLETE
1,1,0.015252886443860803,2026-04-21 10:36:33.083912,2026-04-21 10:36:46.924992,0 days 00:00:13.841080,-63.24492726853322,72.23992606783328,11.83622770222955,40.73126034960641,30.816035039653077,14.148256770490873,-34.78935332643781,24.053367783746864,64.30119074503122,54.76195488698047,30.96099887666036,23.9560917170877,,RandomSampler,COMPLETE
2,2,0.004977457943610375,2026-04-21 10:36:48.347767,2026-04-21 10:37:01.363808,0 days 00:00:13.016041,-75.09526309689096,71.83666903550721,53.57157279339393,15.374866200374733,39.24646210857445,10.68853191726487,-35.983823108715214,58.35372501292694,72.55322979028925,18.96137767449472,44.37834684042435,18.799548192646306,,GPSampler,COMPLETE
6,6,0.048432265616444425,2026-04-21 10:37:10.382601,2026-04-21 10:37:23.468975,0 days 00:00:13.086374,-65.4341696264895,20.744407061452268,32.730505004260976,53.67350766706049,46.13125338566108,20.34641263694219,-48.255429370200716,29.212918157047024,20.465808548062277,47.384250806801994,32.816210786538896,15.461781834878783,,GPSampler,COMPLETE
7,7,0.015413714727316119,2026-04-21 10:37:24.639201,2026-04-21 10:37:37.479577,0 days 00:00:12.840376,-77.28385435796045,80.83606565130675,40.023864613563674,49.77147414494139,30.994581894929073,14.515514776043707,-48.97853868002986,84.58092110093467,94.461441740399,93.7504308647794,44.799063199955974,16.443484061001055,,GPSampler,COMPLETE
8,8,0.00042595876384865505,2026-04-21 10:37:38.397188,2026-04-21 10:37:50.320479,0 days 00:00:11.923291,-71.98363643946448,82.96936154613951,49.65326062461645,76.55071534432989,49.24830178461521,11.574984974036926,-40.54352934747109,74.50516864782958,34.074946430963536,71.80877684377447,35.49363764625943,29.997104012195894,,GPSampler,COMPLETE
9,9,0.0005183673440498637,2026-04-21 10:37:51.824637,2026-04-21 10:38:04.123516,0 days 00:00:12.298879,-54.69802478302681,89.35029297188423,26.18447819325953,57.95635040842088,33.19857589564858,28.409251242420563,-55.9688455850801,50.813954951261124,63.39229377332552,62.05725911266104,48.96912589747629,25.740064237485146,,GPSampler,COMPLETE
11,11,0.006192725213328032,2026-04-21 10:38:12.337503,2026-04-21 10:38:24.989190,0 days 00:00:12.651687,-35.396604678321246,52.005374040762426,18.7730352905268,89.51708838850082,38.58985642609758,17.856845641795825,-45.07604249792378,13.609198576078363,95.70756828658827,73.15790605443433,35.6224161056226,19.59989238785278,,GPSampler,COMPLETE
17,17,0.0019990029457410685,2026-04-21 10:38:52.064183,2026-04-21 10:39:04.317952,0 days 00:00:12.253769,-73.15905298436796,51.234764146148216,73.99038324447316,24.363015214370844,39.90711485587557,26.43245268360862,-33.32713976702413,79.1494372517052,85.38217183812472,21.27560226162249,39.25399581670669,20.84534349978122,,GPSampler,COMPLETE
19,19,0.04034570552414962,2026-04-21 10:39:05.489589,2026-04-21 10:39:17.159928,0 days 00:00:11.670339,-55.68671764376477,21.96145307648716,13.943771558006118,25.472141860302546,49.98912191643062,20.30876798960103,-49.557976779660486,82.36091802563952,28.517789024744527,52.36949313797607,43.71419982263346,26.897413209237673,,GPSampler,COMPLETE
20,20,0.006051080502956552,2026-04-21 10:39:18.423462,2026-04-21 10:39:30.775654,0 days 00:00:12.352192,-78.81466892371449,10.767145689975083,66.82958430972565,36.780534627095605,37.023986620123026,19.358533429554278,-42.69836331541824,62.6007743047301,41.74375675135343,75.22105124879573,44.49074815021025,29.429037609844038,,GPSampler,COMPLETE
51,51,0.001197949451903213,2026-04-21 16:36:07.183456,2026-04-21 16:36:17.496671,0 days 00:00:10.313215,-27.54630474929163,77.93623871237821,25.824182076502552,28.874429625128528,95.5023858252521,-14.488939428193016,-31.238705107604176,24.835718414271447,32.05211586348122,89.00292618626436,19.318494191702598,108.86905107672807,,RandomSampler,COMPLETE
60,60,0.025875266816541398,2026-04-21 16:36:38.142369,2026-04-21 16:36:46.939490,0 days 00:00:08.797121,-24.317607464707613,29.233279185905655,31.945471089985883,35.76235559665374,15.918671774948532,3.027477158025782,-36.81304091940676,52.67402453774533,36.31262466151156,80.89359156802973,21.305829703287316,29.236136429986402,,GPSampler,COMPLETE
62,62,0.00043470787310440073,2026-04-21 16:36:48.212776,2026-04-21 16:36:57.662776,0 days 00:00:09.450000,-44.31398873260577,43.59547194067601,57.00449417352831,88.44666811746146,66.62353664701841,-13.791466818861004,-44.42234404409413,46.252414100499216,82.76729562865097,49.22109452040387,26.995003135415317,103.84860324757487,,GPSampler,COMPLETE
79,79,2.0097095827509293e-06,2026-04-21 16:37:24.534557,2026-04-21 16:37:34.037764,0 days 00:00:09.503207,-39.99034511872728,48.88759168926281,81.01695216946669,38.6555544559364,62.38399069035529,-28.12606095217959,-45.85977079382113,27.09056401087919,61.602722411489744,62.0568851429127,-1.5243656194375603,103.58204870954266,,GPSampler,COMPLETE
88,88,0.013635301682072054,2026-04-21 16:37:48.850773,2026-04-21 16:37:58.038960,0 days 00:00:09.188187,-68.44696170719654,19.66626362883383,87.8607697028572,16.388104511891903,58.98914196845239,67.95424716858628,-27.985973534447503,66.9101059141037,10.857754313500141,23.583782860255276,29.728710723567694,52.5241050903761,,GPSampler,COMPLETE
112,112,0.0006381168817419791,2026-04-21 16:38:15.904426,2026-04-21 16:38:25.390751,0 days 00:00:09.486325,-62.7909792213231,36.55464316157117,73.20916161709874,57.289237086884654,15.45182519018612,4.284160261348546,-61.85893670288068,92.01367759379097,80.9901079612144,38.30329537088542,23.65932807546492,100.39919765562372,,GPSampler,COMPLETE
154,154,3.991608983611172e-05,2026-04-21 16:39:16.810947,2026-04-21 16:39:25.906023,0 days 00:00:09.095076,-51.67022416359697,46.860935278377234,60.59257844887953,58.336702496721465,58.805245898615624,-28.866834117500982,-36.92178555992321,56.22405316972959,86.7390301348015,42.45544989242739,-21.71335582663626,97.6218644883464,,GPSampler,COMPLETE
161,161,0.001697044813234072,2026-04-21 16:39:33.528218,2026-04-21 16:39:42.616474,0 days 00:00:09.088256,-64.29525002384239,93.92352990726013,12.70008675982105,33.310682521979544,92.56009917644296,38.68833443241819,-64.61923211636666,90.16005796195783,35.915674806906345,58.7808483193745,19.44945039289192,59.86687332882609,,GPSampler,COMPLETE
190,190,0.0017935518832707942,2026-04-21 16:40:23.769355,2026-04-21 16:40:32.912519,0 days 00:00:09.143164,-25.109806940230854,62.122570557233274,49.39908602597789,14.64285279132934,57.905687759456754,58.3942879888305,-76.99068089221865,96.80755413605746,66.18585928956654,97.46661251075784,35.65181859581304,103.46000242599523,,GPSampler,COMPLETE
193,193,0.0167649869763693,2026-04-21 16:40:34.612501,2026-04-21 16:40:43.752508,0 days 00:00:09.140007,-52.975700649624216,64.94617661779367,20.18673678224473,32.040377354802246,66.56434751440935,19.855849105379953,-50.102083050438516,59.2424833924001,73.85069083801257,11.817773570910731,34.474087913553134,41.36525993000537,,GPSampler,COMPLETE
1,1,0.09383119560707698,2026-04-21 16:50:21.019057,2026-04-21 16:50:30.500195,0 days 00:00:09.481138,-41.678103461397406,29.65581159730138,26.711285037503135,77.54385668026916,39.91767958260094,55.38603061366972,-41.58961455492878,61.02249182796045,31.277414655941175,66.94903205678662,26.653510990818795,58.353191847007764,,RandomSampler,COMPLETE
101,101,0.05880619412118904,2026-04-21 16:52:31.362478,2026-04-21 16:52:39.435431,0 days 00:00:08.072953,-47.24188142035609,35.09630116142261,46.78830980406362,28.544246431090777,6.209212341480388,30.023188213025172,-52.733129712217064,40.65689075184096,71.52860217945553,14.119840674118855,34.929785905971784,25.167661525708752,,GPSampler,COMPLETE
173,173,0.07908873842476538,2026-04-21 16:54:01.339969,2026-04-21 16:54:09.187876,0 days 00:00:07.847907,-63.86550731441017,74.51821216794582,36.62078409978989,54.18592352089962,86.39341909747829,43.26956890287906,-67.09554489266174,13.172185110275805,78.54110985131796,28.119428083525843,21.490008294388815,77.977796889102,,GPSampler,COMPLETE
189,189,0.07478588917843965,2026-04-21 16:54:34.574611,2026-04-21 16:54:42.762867,0 days 00:00:08.188256,-33.75203075400562,76.18097826357713,12.017354201645908,27.7530681145976,44.298989766613204,66.13908900759925,-43.65908828123433,99.5424386177341,55.39553622964637,66.31496679947782,25.273188871153096,97.64210442524404,,GPSampler,COMPLETE
215,215,0.04666775459809003,2026-04-21 16:55:32.799954,2026-04-21 16:55:40.909034,0 days 00:00:08.109080,-63.954557704966916,86.4461551374326,11.836182173264472,61.89509869643345,71.39496015946679,28.138152234389118,-64.06326987770078,10.524419799704365,72.71269835102436,24.962467140107613,39.968456911897974,50.254109433206864,,GPSampler,COMPLETE
233,233,0.05876343985968191,2026-04-21 16:55:56.388450,2026-04-21 16:56:04.117917,0 days 00:00:07.729467,-65.54287157748423,48.35049100924491,23.775508687484482,64.87802779673243,42.78812698775149,45.83958116784255,-59.52807414089676,42.06202979767186,57.5718929969539,71.68049438367112,19.572662718891927,58.57663101141124,,GPSampler,COMPLETE
358,358,0.0726058833035772,2026-04-21 16:58:32.293374,2026-04-21 16:58:40.205137,0 days 00:00:07.911763,-20.649656858344073,11.558937692559594,25.203690441680727,75.34296213621391,31.236694593864954,37.96848275215133,-24.99270623098335,42.438568018648056,27.72560816747937,28.899191416196963,-0.29621365306417147,65.15612380740221,,GPSampler,COMPLETE
377,377,0.13908279976920568,2026-04-21 16:59:11.067549,2026-04-21 16:59:18.873865,0 days 00:00:07.806316,-41.29908694604453,80.69029389759211,16.858070243744226,52.50200965921596,70.33503527874696,74.46141799784603,-34.25396520063945,76.20724506901809,61.421848562625236,12.493714015693936,26.420850503918523,45.25506084527126,,GPSampler,COMPLETE
407,407,0.04950986916137978,2026-04-21 16:59:52.016556,2026-04-21 17:00:00.813075,0 days 00:00:08.796519,-61.22111774227879,79.24329796895564,32.596587448193674,15.033358886397059,89.62199095791935,29.18018405479637,-24.058229167510504,47.13075722427868,20.908335021165836,99.78748636669948,12.804345126028466,79.8320736344288,,GPSampler,COMPLETE
417,417,0.06890517655024908,2026-04-21 17:00:09.421752,2026-04-21 17:00:20.477120,0 days 00:00:11.055368,-58.07197427592118,79.14470695070023,17.485571810003,17.06020747669526,9.875481953445139,15.488685220458692,-26.597619589458176,39.477261307233576,58.96250204162356,57.76723365033697,-4.414939731185893,60.38142992052849,,GPSampler,COMPLETE
24,24,0.0009305275412962999,2026-04-21 18:06:32.476883,2026-04-21 18:06:57.985891,0 days 00:00:25.509008,-38.41061028142756,74.23036768338001,30.356660636806673,68.35830908771806,81.5041904575373,5.599106181481758,-29.983146267469017,26.915145410900422,46.64034038974356,87.08303509334016,-7.110095768065069,108.88530098374399,,RandomSampler,COMPLETE
51,51,0.0003191182981545637,2026-04-21 18:09:55.259968,2026-04-21 18:11:20.618712,0 days 00:01:25.358744,-43.69413226057386,32.25682567497161,22.009661141325022,38.33329183685065,10.269165477493686,60.08995765583873,-41.564546396974364,21.366155255484678,43.85835823478214,19.187445460589288,-18.803562179307654,108.27314368722712,,GPSampler,COMPLETE
91,91,0.01380446183169326,2026-04-21 18:13:40.043672,2026-04-21 18:14:55.622921,0 days 00:01:15.579249,-56.33486056915571,47.70913244699131,16.582018416832575,67.00639351730675,55.54325812928272,50.988180140242946,-71.9895130417555,11.583936022463558,65.01320998811886,15.44727344590755,22.21513727022584,77.10845362697967,,GPSampler,COMPLETE
96,96,0.0023856372198451936,2026-04-21 18:15:45.769961,2026-04-21 18:16:33.607405,0 days 00:00:47.837444,-47.99544953026964,42.21054908048576,33.126998105941155,65.56435814674646,50.87142129944897,31.02791873167469,-25.89739937815007,68.98885488877679,71.26400302893214,22.492033744655203,19.685198943907004,73.37935135027271,,GPSampler,COMPLETE
97,97,0.002587990031369003,2026-04-21 18:16:36.620276,2026-04-21 18:17:31.815644,0 days 00:00:55.195368,-25.35940992676708,70.40481730316233,20.79470489654745,45.41836743592155,45.381808168874095,64.97436401037623,-55.83014173901542,41.452759424669935,56.05522758023814,24.983574061322983,15.690225021014577,110.95592500572656,,GPSampler,COMPLETE
107,107,0.0015943109958946877,2026-04-21 18:17:38.202536,2026-04-21 18:18:31.178921,0 days 00:00:52.976385,-45.939991955400004,66.09757555225767,33.773937575215186,81.38511987213985,38.349260111431356,-7.772434963700494,-26.13172414175517,93.78524597785156,54.82874948124543,53.57703722578803,19.343167311411868,49.38710063437971,,GPSampler,COMPLETE
124,124,0.007910475004813122,2026-04-21 18:20:48.882625,2026-04-21 18:21:47.856591,0 days 00:00:58.973966,-40.750333908926486,82.16097639428544,19.356296651250126,62.03689004498959,48.81774619694907,18.05574898472934,-56.5841984581846,71.96199029059287,86.66648297857255,75.51919851440313,13.043889994430138,64.61674820203407,,GPSampler,COMPLETE
144,144,0.004783808596581451,2026-04-21 18:25:52.888840,2026-04-21 18:26:58.044224,0 days 00:01:05.155384,-21.995609020424,26.08545017629685,44.78059014422704,11.919329143226745,46.27996058104509,33.43844434078334,-53.61963289869766,55.37544458222406,72.84405665089493,51.15662568230504,-3.7686414068441216,93.52636336018436,,GPSampler,COMPLETE
156,156,0.0067684582407459,2026-04-21 18:31:28.932693,2026-04-21 18:32:49.564568,0 days 00:01:20.631875,-53.76970561592038,21.153579729645323,84.4133361262122,27.41877761984144,38.542871010846575,-6.483124055048396,-51.202545441692195,27.41176653316222,43.965081978001066,83.29938481283804,3.818453365025505,20.56697524065928,,GPSampler,COMPLETE
161,161,2.501696605382918,2026-04-21 18:32:56.920852,2026-04-21 18:33:55.148128,0 days 00:00:58.227276,-71.13228251410483,70.98117275865027,49.55396168445603,18.31622821061497,26.88730821000761,1.030116716528564,-73.4305313950363,47.352603713911975,68.50591516414178,71.93864283210283,37.145047188202625,-1.427813688712746,,GPSampler,COMPLETE
70,70,0.07347099190515394,2026-04-22 12:37:29.900676,2026-04-22 12:37:41.991105,0 days 00:00:12.090429,-78.23601271745008,48.13687912945683,44.8048340557385,12.666778810784422,32.97887956977764,28.911625934773383,-73.42529990294189,57.58467203230415,55.066870636529636,35.53940398603966,17.315571643961995,17.172627513925832,,RandomSampler,COMPLETE
213,213,0.04889978127467387,2026-04-22 12:38:34.096315,2026-04-22 12:38:45.317629,0 days 00:00:11.221314,-21.6386907437021,19.54415648331511,27.216159949733523,33.85074028266101,22.54817728759201,6.655779388588805,-22.514366601527286,29.025585318237034,52.18198429283999,35.665367437277006,11.733872576272674,2.293066629785253,,GPSampler,COMPLETE
263,263,1.5521983795210161,2026-04-22 12:39:04.536823,2026-04-22 12:39:17.397298,0 days 00:00:12.860475,-60.185815600101414,66.50939466154485,11.436682970547231,55.825022093594555,27.890297705049534,-24.39636465921958,-49.70651456767928,56.71865590937489,62.82638928491911,49.47105290336544,5.843068547493218,52.86611780719287,,GPSampler,COMPLETE
480,480,0.04833798807076306,2026-04-22 12:40:34.391841,2026-04-22 12:40:47.328400,0 days 00:00:12.936559,-42.28934582846713,25.0256291816148,17.090274927680646,70.98180759194895,10.8261275521577,6.704090244626521,-70.88433926879962,68.54083445202605,45.91280742406608,43.27031981417157,18.356235416695107,-3.441361221851891,,GPSampler,COMPLETE
547,547,0.02388414010733797,2026-04-22 12:41:02.716683,2026-04-22 12:41:14.558103,0 days 00:00:11.841420,-68.00468247491939,11.924566538974329,19.5106000993032,55.55232426505517,15.799307564298442,16.68227078766253,-77.75488125256362,69.09031508185578,33.807837862314756,64.997974713095,16.781719859962394,-6.896995275249232,,GPSampler,COMPLETE
660,660,0.07458104376407704,2026-04-22 12:41:40.771869,2026-04-22 12:42:22.071657,0 days 00:00:41.299788,-35.48237543998153,97.49137601933005,14.308784067679728,88.59973837594163,14.373417586416174,54.47395541560657,-43.043077379729105,18.604395033095365,22.697328872457383,19.099947688409074,14.664496302495102,18.135298812031916,,GPSampler,COMPLETE
822,822,0.017401380771033814,2026-04-22 12:43:30.612350,2026-04-22 12:44:03.229105,0 days 00:00:32.616755,-30.251566788942718,66.1768426624444,57.599173833063084,55.36855577516266,53.471290600235186,-29.278509408514758,-58.50159953140156,55.499227026116884,19.40717778359742,77.79984330931964,16.963602614732103,51.39726667101769,,GPSampler,COMPLETE
941,941,2.7572553200146217,2026-04-22 12:45:31.098085,2026-04-22 12:46:06.352574,0 days 00:00:35.254489,-70.24411596490938,44.522687600808155,20.290382892073314,42.67895166097369,15.9145268467405,-17.91789975049489,-41.26483965386091,41.26885739733481,64.87003108572276,51.71072730389531,14.606370050405886,8.45427207251057,,GPSampler,COMPLETE
1,1,0.044805731721481834,2026-04-22 13:56:18.569281,2026-04-22 13:56:31.472131,0 days 00:00:12.902850,-32.03510782909595,70.94347680799686,11.731676623810529,36.88307384068304,4.759371524371508,27.5798460468635,-24.098465644731505,23.18693866727626,16.278344110163037,62.2885481119124,15.548489518174598,14.427741040446119,,RandomSampler,COMPLETE
34,34,0.05041405313447811,2026-04-22 13:56:45.459213,2026-04-22 13:56:57.754884,0 days 00:00:12.295671,-69.2098073571105,49.87851035504486,22.625065063915798,15.663373796546516,29.61273339475541,28.07712217889506,-20.56092855720607,19.406326078904016,27.91951502774325,58.574386637124896,-18.181468196993364,25.582591654398335,,GPSampler,COMPLETE
35,35,4.424631447736061,2026-04-22 13:56:59.024453,2026-04-22 13:57:11.877760,0 days 00:00:12.853307,-70.04917443265911,96.30979271365723,41.30773079456411,10.938067456762946,25.54243554837995,9.694342706979945,-38.38682261923573,11.234910389299227,52.095325392203875,28.992119403813845,-11.692509728579331,39.914599836847266,,GPSampler,COMPLETE
59,59,0.05176095484542387,2026-04-22 13:57:18.891652,2026-04-22 13:57:31.082858,0 days 00:00:12.191206,-78.15955915445755,80.48396383313406,37.230725657430796,44.81728632565541,35.00084003940951,48.48203811201644,-57.08295696947526,70.48142178852113,25.699066505937697,94.7900197886592,8.835426189601804,56.765543545440835,,GPSampler,COMPLETE
186,186,0.018346850512269697,2026-04-22 13:58:04.383814,2026-04-22 13:58:15.998767,0 days 00:00:11.614953,-20.343350834093805,14.656997346071636,65.35926132578219,24.381494487972038,29.563613321835824,26.25962714875937,-45.9871193589091,16.433902826037627,11.765675521965537,51.19780652513094,5.3783226204846315,-7.703320518024118,,GPSampler,COMPLETE
277,277,0.10915808788990589,2026-04-22 13:58:48.431032,2026-04-22 13:59:00.133021,0 days 00:00:11.701989,-28.60818954941248,50.77744926390158,13.31123668847324,76.23266591055153,12.17481394226282,49.16332347144703,-40.638901977499096,45.60954705896161,21.221505273658853,29.752726196140106,7.823948826914162,14.642775176148408,,GPSampler,COMPLETE
438,438,0.028672335422967876,2026-04-22 13:59:56.490355,2026-04-22 14:00:08.767664,0 days 00:00:12.277309,-74.87396033151245,90.49039869031391,15.386068253677802,95.14813040137895,12.33405149136567,55.425982066983195,-46.87562353005523,11.525884160410474,48.309083150202405,69.41238346623417,14.790713590826321,-9.766595281226056,,GPSampler,COMPLETE
550,550,1.5795699335849882,2026-04-22 14:00:41.075358,2026-04-22 14:00:52.973073,0 days 00:00:11.897715,-31.247699363793764,54.95527857166462,26.3186974782012,77.01188529153178,19.332408721393477,7.622254915835214,-55.37347026894166,15.065002035519392,15.368207135573469,89.73164059376366,18.98312542703985,20.22440484129179,,GPSampler,COMPLETE
682,682,0.1734319815083296,2026-04-22 14:01:50.058077,2026-04-22 14:02:01.729490,0 days 00:00:11.671413,-21.178366486573253,62.663483396622894,22.387049132585584,55.52505317119399,10.048557448325493,50.899571661885744,-33.58725610932895,27.85350959410014,73.0623436637505,23.985361998463006,-6.197584864907462,39.74757800713582,,GPSampler,COMPLETE
708,708,0.07881592361860967,2026-04-22 14:02:08.797726,2026-04-22 14:02:21.262982,0 days 00:00:12.465256,-48.720431062112795,41.95847633724081,38.930069237181975,16.365589505055723,40.777881061011946,1.4340551460191548,-42.44890995185733,19.86488981647007,31.37308378178689,97.84301705405086,18.82491482328458,-1.1741622835228842,,GPSampler,COMPLETE
710,710,0.02451641566572249,2026-04-22 14:02:22.746229,2026-04-22 14:02:35.157519,0 days 00:00:12.411290,-48.04181236683658,45.75970729009371,13.304712120722971,16.16645780687918,19.859010868003143,48.62358085723426,-20.0,36.43455530663672,25.066535735142224,89.04547556009189,10.996059155544849,3.551769506043648,,GPSampler,COMPLETE
14,14,0.06303192199644769,2026-04-22 16:30:28.877492,2026-04-22 16:30:41.251484,0 days 00:00:12.373992,-51.645115556147616,48.18382715018498,32.39367760710579,72.07123099955054,17.873307769127372,64.9152135605922,-65.30879734422898,16.62467505394831,60.517281583128074,78.5383796066644,9.750443145259638,41.51426418264978,,RandomSampler,COMPLETE
113,113,0.007024673772686896,2026-04-22 16:31:12.753011,2026-04-22 16:31:24.298657,0 days 00:00:11.545646,-40.987903292990964,18.13149575200163,10.802692458400728,85.95238549097563,32.50186454725085,9.681022942739204,-55.744055826642196,23.645213684525896,36.10962659929771,58.75689902850347,12.77202360377219,50.44020804895124,,GPSampler,COMPLETE
169,169,0.007651951865259576,2026-04-22 16:31:43.970267,2026-04-22 16:31:56.502802,0 days 00:00:12.532535,-47.67599739939357,63.634960532429055,11.262183713399647,67.06230216579979,17.64619063001823,-8.37123129075242,-63.42119003506972,26.055611933625016,95.61826926125595,64.39196909611763,20.938250806379358,14.585700754123359,,GPSampler,COMPLETE
196,196,0.010338481197777583,2026-04-22 16:32:03.758433,2026-04-22 16:32:16.760785,0 days 00:00:13.002352,-68.11473040005237,91.4309148214163,86.20803483074862,21.15529225302693,35.37544292666469,23.012479979283768,-63.82538550591894,89.66490530369794,54.941450216034106,40.43566577791918,22.56428802216238,38.75720499684154,,GPSampler,COMPLETE
199,199,0.015303210536185219,2026-04-22 16:32:18.635780,2026-04-22 16:32:31.720137,0 days 00:00:13.084357,-25.88859382582956,56.09640296774152,46.004419024477045,97.31496815127936,38.34089467805194,-14.83596805975775,-77.95044970284415,88.39627249676887,23.331617793718657,20.274440328311016,25.273611396351825,36.272782874688474,,GPSampler,COMPLETE
242,242,0.00925776898528241,2026-04-22 16:32:42.831055,2026-04-22 16:32:56.331780,0 days 00:00:13.500725,-77.85677763486447,65.31038808172417,82.1912255150423,37.10691868143759,30.547429170830988,59.08686464569627,-69.95140299061383,52.99405812698333,84.11633536166171,54.437760357585795,23.167024549429193,47.97765747995814,,GPSampler,COMPLETE
259,259,0.014244395093172102,2026-04-22 16:33:01.321956,2026-04-22 16:33:13.597452,0 days 00:00:12.275496,-26.378460287348517,87.0452284780254,16.95559693082518,13.123273089896712,42.894836034053775,35.434990119317504,-43.440581476145454,58.95418068093065,50.45880101881765,23.36888689098141,27.59863146435874,28.877462771240005,,GPSampler,COMPLETE
279,279,0.007286219674234928,2026-04-22 16:33:19.828741,2026-04-22 16:33:32.918788,0 days 00:00:13.090047,-61.01388793845353,64.73662348302798,24.369439597589277,72.42942461232016,24.36653618358926,-24.762466280144665,-37.1718463524796,11.96125669052726,55.39660368863634,60.76375137174639,2.222115000120823,2.1674375471643152,,GPSampler,COMPLETE
303,303,0.01117198823372334,2026-04-22 16:33:40.295076,2026-04-22 16:33:53.287791,0 days 00:00:12.992715,-63.8100051924869,10.22172568938679,21.895098864751077,60.29448069340864,36.51328597151957,41.39221665119531,-39.63419507204339,11.934621103371514,50.27475794509613,61.82691752957118,-10.412948814966427,47.8640645934992,,GPSampler,COMPLETE
323,323,0.024332977133632028,2026-04-22 16:33:59.475362,2026-04-22 16:34:11.305853,0 days 00:00:11.830491,-46.436405214675254,44.87115206851624,40.634617448759826,10.062002479797544,-5.792618633755262,68.41720281532432,-48.442814285409604,26.449615987823055,29.154537230553235,33.35277563952663,13.097590032361914,13.260316240454646,,GPSampler,COMPLETE
8,8,0.027599675993172923,2026-04-22 17:54:24.194592,2026-04-22 17:54:36.453667,0 days 00:00:12.259075,-77.26890808650643,64.48137583451191,62.57550353162726,91.44769647615743,33.10727810315371,17.66605280445343,-51.09521417715018,25.230655582885394,15.760001038810502,86.80584105727412,13.046216484415027,-0.24002773951260892,,RandomSampler,COMPLETE
9,9,0.002067199379187201,2026-04-22 17:54:37.714434,2026-04-22 17:54:50.043586,0 days 00:00:12.329152,-30.727240062517815,39.9287384457031,14.80021945279265,50.81921479018096,62.831315832440495,-26.087094360743073,-69.02587100724223,74.9606788247246,33.83548144023456,42.95645400556559,19.527113285389845,14.3006355642881,,GPSampler,COMPLETE
14,14,0.02174696590130054,2026-04-22 17:54:52.182393,2026-04-22 17:55:05.092086,0 days 00:00:12.909693,-73.59169303656603,66.34888055606456,49.83782358289302,98.62122469772227,29.02231137034118,43.89915236448003,-22.62802259524114,68.05544392495688,27.741897626166825,39.94595417159766,28.46690724094878,-19.438600563944487,,GPSampler,COMPLETE
33,33,0.04261602209057003,2026-04-22 17:55:23.283935,2026-04-22 17:55:36.034539,0 days 00:00:12.750604,-53.30678063091918,67.42552887753746,51.10230367965069,22.129637572661608,16.78052899716735,33.71611679480201,-43.75833210995908,26.347549217316026,25.83958545329761,23.80761397206514,9.171199195565606,-8.431757750665662,,GPSampler,COMPLETE
36,36,0.0019836531393799817,2026-04-22 17:55:37.627691,2026-04-22 17:55:50.874902,0 days 00:00:13.247211,-62.61691590681775,37.64823868588823,52.86968782023824,50.65743335369744,12.102938276087748,-17.750813315580913,-32.46337385459515,66.60754298799773,16.84576256568848,15.900246546317115,5.057852488468541,15.018404885324316,,GPSampler,COMPLETE
41,41,0.030847523857850945,2026-04-22 17:55:58.498096,2026-04-22 17:56:12.015292,0 days 00:00:13.517196,-53.52165809146557,73.34672618155432,13.98952929624146,11.923224060591469,7.953089247337985,1.8791690232704248,-62.731738738948735,10.438239463367367,37.40209618593147,14.201532109899777,3.0318270031900454,-19.100243266814623,,GPSampler,COMPLETE
113,113,0.0035345750502706608,2026-04-22 17:57:19.014337,2026-04-22 17:57:32.653642,0 days 00:00:13.639305,-62.377237318482635,68.7019312840377,27.120864362634045,48.91694467711968,3.721120441055014,44.905459701350225,-29.112577791174544,24.336040797643726,10.943474992331,70.58121674466688,20.85295367421834,17.638126929180714,,GPSampler,COMPLETE
167,167,0.024369319810841006,2026-04-22 17:58:23.363535,2026-04-22 17:58:38.298299,0 days 00:00:14.934764,-71.0737023145303,27.029540503181202,27.199872338692074,32.373190502684466,13.048250338765548,-21.897172084193123,-49.707725295719015,76.01566601070347,63.98981273252011,66.24127961770785,12.92881794841312,33.364406661222205,,GPSampler,COMPLETE
170,170,0.016647940643032655,2026-04-22 17:58:40.100771,2026-04-22 17:58:54.568870,0 days 00:00:14.468099,-57.58353512709483,64.90644240037972,32.32411283775714,76.31821256311721,3.807218504930354,45.10656616896323,-57.22111401902691,93.73005384872559,36.97919708223352,92.6250252924476,17.134414818141074,67.74541970516874,,GPSampler,COMPLETE
184,184,0.10696665696013952,2026-04-22 17:58:58.634001,2026-04-22 17:59:12.759741,0 days 00:00:14.125740,-36.80739731955724,29.30543890094331,15.50569831593516,10.749407445186591,43.57043878217402,-16.461481556030694,-51.795479272875625,10.988247452750619,14.713891595089828,84.70752016799392,28.91671767828231,-11.516520722890832,,GPSampler,COMPLETE
