,number,value,datetime_start,datetime_complete,duration,params_lLegPt.lL0,params_lLegPt.lL1,params_lLegPt.lL2,params_lLegPt.rA1,params_lLegPt.rL0,params_lLegPt.rL1,params_lLegPt.rL2,params_lLegPt.x1,params_lLegPt.y1,params_sLegPt.lL0,params_sLegPt.lL1,params_sLegPt.lL2,params_sLegPt.rA1,params_sLegPt.rL0,params_sLegPt.rL1,params_sLegPt.rL2,params_sLegPt.x1,params_sLegPt.y1,user_attrs_prune,system_attrs_auto:sampler,state
0,0,5.378364665066158,2026-04-10 11:21:11.648830,2026-04-10 11:21:15.846175,0 days 00:00:04.197345,69.08927243163863,51.19026828591138,67.98359228554853,-50.54872756852243,16.63948918204761,79.09539832428237,89.23239219185722,43.57834764027538,26.375765226661755,28.54816314848234,75.78822796566399,99.89374709885384,-24.896118622196518,49.69080802250842,37.923183662061234,96.58854923437622,43.56109267172974,12.358344285006066,Unattained target,RandomSampler,PRUNED
1,1,5.343342418646248,2026-04-10 11:21:15.976068,2026-04-10 11:21:19.774075,0 days 00:00:03.798007,22.64436338999309,26.20173630070372,98.3972469051576,-64.98913891426054,18.019270510803395,22.115535446039488,75.14863542571926,37.88220772120421,12.094971917734203,43.39860701785688,18.32611617141168,91.8969760774257,-59.496565919898316,62.49411364429312,68.81216902873834,25.03764909282063,34.079209890758754,16.050392878655764,Unattained target,RandomSampler,PRUNED
2,2,7.2141111453478,2026-04-10 11:21:19.894360,2026-04-10 11:21:24.106217,0 days 00:00:04.211857,81.61230889409569,87.18897926784062,18.43605448643885,-55.97881568909425,88.41188068195852,84.79517473637618,91.54990054853455,49.200796011379,25.986511532735626,88.54342564900445,93.47129362610782,71.99872364541284,-28.920476167444626,51.32290020853601,89.63831744204005,97.66227288943348,42.12742258189812,14.096542888213023,Unattained target,RandomSampler,PRUNED
3,3,13.733103400591936,2026-04-10 11:21:24.230000,2026-04-10 11:21:28.260218,0 days 00:00:04.030218,64.210233761316,62.84434891223411,78.88052498418828,-41.43407634949582,92.80971305675332,70.61347018302604,49.894058784334874,34.998731851354314,19.29311634617558,29.8824341960633,98.38411372263947,74.8102001733307,-33.00390439923811,60.10066760396929,64.10902272159225,57.432175095124094,34.28068409381297,28.877790171587215,Unattained target,RandomSampler,PRUNED
4,4,6.22611271275046,2026-04-10 11:21:28.384472,2026-04-10 11:21:32.385580,0 days 00:00:04.001108,64.2812583940148,22.00024307779267,56.72779238151111,-47.32512673175998,89.9912558371413,21.137291303625183,56.95004970631094,49.857077128043684,11.234474745150013,41.33353828440618,49.35824549752072,61.92568020753109,-53.98064414716647,54.76080576255856,39.55812756098969,60.850974150283555,47.456163462529986,23.68658973550164,Unattained target,RandomSampler,PRUNED
5,5,5.013680295497625,2026-04-10 11:21:32.510634,2026-04-10 11:21:36.496122,0 days 00:00:03.985488,68.74960793140463,17.277774594931316,11.337907725617198,-29.84341953915994,77.69490578762755,92.62571339034955,21.544855000892483,48.88889467396235,15.407592136658808,51.807805670339626,82.24066553749263,82.56622107457729,-79.28493906756462,10.369247862176003,60.476379458234824,91.88893639593614,41.369088130402844,21.99268941483547,Unattained target,RandomSampler,PRUNED
6,6,5.477603360395946,2026-04-10 11:21:36.611706,2026-04-10 11:21:40.466301,0 days 00:00:03.854595,60.082102838458376,47.24316761972109,49.1580161459282,-79.97971482214226,68.90994838038117,66.66513762319447,55.14980417895554,33.62838905437249,16.982784677032996,84.88536942487652,37.0677699452188,84.80138384915428,-37.08816868098501,20.164606205500068,72.93829401419777,44.25932577624556,49.052436405456504,23.369072387156102,Unattained target,RandomSampler,PRUNED
7,7,7.314029724424451,2026-04-10 11:21:40.596684,2026-04-10 11:21:45.008153,0 days 00:00:04.411469,66.46581181191452,54.609440582967146,93.55619527633577,-40.44549392792981,63.42306519347685,48.150512144915844,31.03600665192729,41.020849767671386,16.50347989080612,73.19280479636839,82.78323836036037,13.666926851742561,-74.38905362398941,13.493089927133651,63.63222785711631,90.6027797815864,37.986970479059956,25.20916888063704,Unattained target,RandomSampler,PRUNED
8,8,10.126653608833607,2026-04-10 11:21:45.133235,2026-04-10 11:21:49.114891,0 days 00:00:03.981656,39.225325626894346,44.81562750455228,60.935593026383565,-60.544563031889794,59.27742951012339,31.760565994350834,97.06903625183591,48.86885271307267,10.072844432139597,77.50309553160537,87.36155989624795,96.8273703523716,-45.96090290104684,56.839811082128726,54.21513378400066,56.513270268220815,46.14410035418027,12.298789504796515,Unattained target,RandomSampler,PRUNED
9,9,8.77633326123,2026-04-10 11:21:49.241750,2026-04-10 11:21:53.331730,0 days 00:00:04.089980,42.69479122204583,68.74419770739024,54.169430997405485,-26.401958185332916,17.84255597633091,98.56628368102922,67.95146039949856,45.29724644302982,26.687652385133255,43.89771378521056,82.97690259110252,65.89667608463455,-23.167661999814783,49.547267544150124,58.39473031925495,73.95892867112394,49.246822833824965,16.287291616932816,Unattained target,RandomSampler,PRUNED
10,10,10.725069497322309,2026-04-10 11:21:53.511280,2026-04-10 11:21:57.726617,0 days 00:00:04.215337,34.97753606552713,84.63123274412189,84.31466116594153,-60.62835827844105,71.04397615595994,32.87482783382818,46.7380706699641,33.70528866415768,22.926677624934854,18.634491367025497,83.88190419667563,20.137377219365007,-54.42855825437836,36.95955510089787,40.47702073027961,49.68482906230634,36.0824491471809,27.104783022373628,Unattained target,RandomSampler,PRUNED
11,11,10.820927098653264,2026-04-10 11:21:57.873458,2026-04-10 11:22:01.702386,0 days 00:00:03.828928,48.409674590678314,91.82267978961883,98.56664292777204,-30.07307419900043,37.3814303987886,84.4593799730319,66.02180817160507,36.32394130776466,28.911696273284463,77.85694301509992,92.36500426633414,21.401464719321723,-30.135750716899558,45.169249150928664,84.68985975906104,17.65083360954392,32.62163287916403,18.54939138189586,Unattained target,RandomSampler,PRUNED
12,12,5.207520066095533,2026-04-10 11:22:01.857571,2026-04-10 11:22:06.221520,0 days 00:00:04.363949,46.93944889668417,80.78654024941858,66.10072830907023,-49.977829685190216,30.740417783962837,59.08084599488923,22.816693640401056,32.13110537741634,28.269130420862666,61.81796910671525,47.665528278125514,14.518670664904104,-24.689482921228894,22.767227569271064,47.45742558073306,65.48086867528585,48.689969973829534,10.363288328156761,Unattained target,RandomSampler,PRUNED
13,13,6.850531317570276,2026-04-10 11:22:06.398428,2026-04-10 11:22:10.425915,0 days 00:00:04.027487,63.93492939872781,90.75400752385704,88.67554489670577,-38.586428209891736,81.75473693398769,98.09536755209092,48.912164357847004,34.2144080110074,12.717087126580884,46.525916775430545,73.1192056961722,61.13558655839258,-54.685248693986054,35.08901903844496,72.43251558710512,58.93215152089706,32.7487799809997,15.391864655351363,Unattained target,RandomSampler,PRUNED
14,14,10.016381068878587,2026-04-10 11:22:10.569855,2026-04-10 11:22:14.701859,0 days 00:00:04.132004,63.504677509462525,86.25056155915105,41.363302014234876,-43.89633251165861,33.88737163495928,66.76361004217331,59.27615069142357,35.01173743680842,15.529626184431951,12.080390534144101,31.15589116224469,12.558560836747354,-54.212051853404226,84.4901319165469,99.9863486116852,78.44071416579,41.34139496507031,21.923784368787572,Unattained target,RandomSampler,PRUNED
15,15,6.285123529311278,2026-04-10 11:22:14.860139,2026-04-10 11:22:19.026852,0 days 00:00:04.166713,93.42415893087528,37.56919995456914,23.240707873953422,-69.91290776440609,35.98932264953021,61.07125547432577,45.27439849133917,34.8688596972967,21.894249658548237,49.9704099677732,10.743608502143804,81.7464229885799,-53.66960665601054,21.89769640867666,71.93516342517881,18.199168649458095,45.42775818864439,20.836565596978733,Unattained target,RandomSampler,PRUNED
16,16,5.379564139278578,2026-04-10 11:22:19.164496,2026-04-10 11:22:23.185610,0 days 00:00:04.021114,23.807479870216795,68.53516408138096,99.25748522673408,-46.6645869021357,38.80012846626282,98.30067191930002,20.338605307250862,32.3027543449476,23.623121583621355,97.15434710758056,17.401297377636908,56.934916084432565,-75.98095906247664,73.92790993685311,34.25280356642225,38.13247981896882,47.03582495070098,13.383109309112536,Unattained target,RandomSampler,PRUNED
17,17,6.241085382741431,2026-04-10 11:22:23.353312,2026-04-10 11:22:27.435570,0 days 00:00:04.082258,39.39612605807577,66.12828455750483,78.52177329313021,-36.86840690718312,88.86346353379385,83.379026836659,42.327722231711476,38.32234084369696,28.528643139908933,37.6587584048299,32.97150550508231,68.86775884556931,-70.04740024952304,21.30845419801306,40.455827005176346,74.9296927806478,39.21953996206785,25.533874699420725,Unattained target,RandomSampler,PRUNED
18,18,10.180099840097768,2026-04-10 11:22:27.597240,2026-04-10 11:22:31.843801,0 days 00:00:04.246561,71.1358219740182,93.80938420021687,46.88369700337832,-78.73573614841611,11.299775634323465,46.35859181449577,98.57929991709857,48.60161885719539,11.4180718349205,20.25974104747164,77.80791969670143,90.9498326156595,-30.205144710429046,88.45308718669044,36.03250858246791,93.70271216721254,31.00327310652045,17.48290432643855,Unattained target,RandomSampler,PRUNED
19,19,5.66788954277618,2026-04-10 11:22:31.978641,2026-04-10 11:22:36.781089,0 days 00:00:04.802448,23.460400529052706,14.761074268302092,26.741111253747366,-60.68035164011888,56.781385506134704,42.52064005001324,16.057491767059275,41.79993192313658,13.646102474999722,18.041254551264657,83.350803458204,89.99828193246304,-42.334882813795026,34.472253337400836,20.12874129312119,91.07498774357472,30.52986270275271,23.82526150886123,Unattained target,RandomSampler,PRUNED
20,20,30.9057631171732,2026-04-10 11:22:36.919661,2026-04-10 11:22:40.934462,0 days 00:00:04.014801,61.11825785188155,22.86829630246857,89.38925685667843,-31.241481541332433,13.697818094455478,89.53176018460506,83.36311635260559,33.96498263467624,15.06485752630815,24.76480697484361,20.70229979902711,13.874985884198608,-71.2563529729469,45.315662791952384,99.09355443143284,12.23764638151351,30.158076017757907,27.27366182170232,Unattained target,RandomSampler,PRUNED
21,21,5.482138955977902,2026-04-10 11:22:41.085993,2026-04-10 11:22:45.535114,0 days 00:00:04.449121,29.410781234843576,81.78109961078044,76.79549018138022,-40.058024249224786,79.37898684055546,77.68293075911326,48.870717243909326,41.895832259129556,18.092759122735586,57.70102089376953,21.407444651033323,90.5483154665209,-22.497421941447676,39.59061273659067,60.62965310005439,89.03518858200825,43.02063096448019,26.39608826591659,Unattained target,RandomSampler,PRUNED
22,22,6.881771942076838,2026-04-10 11:22:45.648266,2026-04-10 11:22:51.312823,0 days 00:00:05.664557,70.5796325596519,89.94241645921232,31.57862649531604,-67.21704852948307,40.3840450038367,77.38755811853014,79.23779233692177,47.976880713165635,11.769945288413622,27.224236383445675,29.80727425730398,97.27836738968738,-20.55148444884165,16.81592576800115,79.70365480357424,55.29229187329446,36.77679690266285,22.188379656734867,Unattained target,RandomSampler,PRUNED
23,23,10.611578855826902,2026-04-10 11:22:51.580300,2026-04-10 11:22:56.438552,0 days 00:00:04.858252,77.23067248097124,52.774889918559246,60.92938760112431,-50.96306553973855,69.80761501956673,70.36515654268038,82.63855859695883,38.83238994664428,12.79267073931475,21.120619124578173,20.755341852842907,57.439755172715415,-67.03141592636675,71.80524417086843,95.59120139556266,91.07060062851362,34.822474974596986,20.96446854399971,Unattained target,RandomSampler,PRUNED
24,24,7.493116247724551,2026-04-10 11:22:56.630312,2026-04-10 11:23:00.831806,0 days 00:00:04.201494,26.411932572020934,20.09872315094951,91.21335683358815,-78.07933594988553,49.18646371287083,26.818819490085257,52.11292283468713,38.15238528025288,25.961093318309842,24.313153010120665,33.59349533645931,55.88709821539576,-21.342056240517778,31.99876657118293,72.19143593342791,45.58705813292878,32.168133729778404,29.5833574837374,Unattained target,RandomSampler,PRUNED
25,25,7.176945525272458,2026-04-10 11:23:00.990028,2026-04-10 11:23:05.131793,0 days 00:00:04.141765,32.072840125548574,91.24875968432973,29.865218189454747,-30.33064097345943,60.59220757311388,77.01924231345939,89.2492927318744,42.2676744319341,25.668632271013283,10.919801112056657,23.860074894246225,23.56820171220117,-66.2178855199229,50.95390183672798,75.51322241666963,25.17357052132861,39.72435382717329,19.861773641625327,Unattained target,RandomSampler,PRUNED
26,26,5.3891930600066615,2026-04-10 11:23:05.289265,2026-04-10 11:23:09.310498,0 days 00:00:04.021233,21.61177208951176,91.712514440637,42.79257026120855,-30.162387975169395,94.22630021859237,39.805106303018846,26.89565602470895,33.64560271380723,25.9831966859413,28.491516728633727,97.36022970885023,33.430552811051385,-71.72934559754142,21.911947517436367,75.71873146143581,97.63499225057177,47.569655757266204,12.614677183720467,Unattained target,RandomSampler,PRUNED
27,27,5.396312117406772,2026-04-10 11:23:09.448145,2026-04-10 11:23:13.923599,0 days 00:00:04.475454,34.68967040282767,53.595741039269406,24.593985780640693,-52.794437631974276,70.94844052840406,68.3811182134317,14.959388321230424,37.161690175174094,27.21094926782005,21.968392222153092,18.08780130899433,14.749981284770227,-78.43005038572424,89.41137765787852,36.11234358265406,65.7993124742829,32.51921468717329,18.21650075608826,Unattained target,RandomSampler,PRUNED
28,28,17.093512401343453,2026-04-10 11:23:14.088391,2026-04-10 11:23:18.272263,0 days 00:00:04.183872,30.320460622452067,16.61963527572767,89.07828569216309,-39.6926515527001,50.36557605743386,75.96746105508588,24.353039449546593,43.23489903500242,12.328421902412208,49.91819665663343,95.28172129554682,40.048816695329464,-78.8243546303728,27.0258602889923,26.21406648390589,77.00708402055221,44.93068741656114,23.11770785885144,Unattained target,RandomSampler,PRUNED
29,29,5.856495406145342,2026-04-10 11:23:18.444488,2026-04-10 11:23:24.290131,0 days 00:00:05.845643,68.02813159279711,24.620193312119458,36.108668120086136,-26.580348128374652,71.98241859000757,58.78157548587658,88.51555169355385,34.823738079323164,26.03374265055883,37.553793559114794,68.59161740384525,67.37682422269931,-56.74831334267669,27.025524073467505,89.82021081317966,92.77642093402105,42.25269525562665,14.520153727301835,Unattained target,RandomSampler,PRUNED
30,30,6.467096083079035,2026-04-10 11:23:24.467440,2026-04-10 11:23:28.845413,0 days 00:00:04.377973,39.73836495867468,83.33323120085183,70.1490089799557,-44.39463765945226,78.45483617032023,93.28020192372286,44.43710612025535,31.119448624974893,24.34093350643451,46.64986526528185,80.12435166963556,55.67605894552019,-46.29603817610594,47.19047278596736,40.77505312982672,21.58142882299947,41.27723968725584,17.495232876448785,Unattained target,RandomSampler,PRUNED
31,31,5.229826911853337,2026-04-10 11:23:28.989262,2026-04-10 11:23:33.384531,0 days 00:00:04.395269,89.20477776793716,97.97745945600577,72.68649501874444,-61.556310066681036,37.028238965459764,22.95828286118129,69.15314818955113,44.20834924967762,18.409154502059952,94.23875968652602,92.63246835584788,48.026926045802746,-36.456540515968335,35.66350958508971,28.030804159022935,24.145467276778362,45.47102065062216,11.829635017595887,Unattained target,RandomSampler,PRUNED
32,32,6.480427688656778,2026-04-10 11:23:33.553179,2026-04-10 11:23:37.770620,0 days 00:00:04.217441,17.40745625691467,28.38152520425465,21.982258105133706,-73.34762580400715,52.498919529418615,95.92103980211243,24.71634800616432,41.52877678442295,24.24569892213209,31.47671244962736,33.32238562339511,36.476543601295866,-65.42399647481102,13.67955045210267,92.71408311126987,44.770980240367145,44.42969217750982,14.608797065256354,Unattained target,RandomSampler,PRUNED
33,33,8.914115894387933,2026-04-10 11:23:37.937081,2026-04-10 11:23:42.128557,0 days 00:00:04.191476,86.46333862013483,14.664364392676173,77.78945713606161,-41.39755333236146,93.28319139409025,27.30712316321559,79.93389648772559,49.088575929554764,14.574131778808395,82.68031419015426,55.028405272446165,25.18656078047731,-79.96140584669267,56.779886270456984,83.05535752468433,75.71028547461837,39.65097409092471,15.005640039567652,Unattained target,RandomSampler,PRUNED
34,34,5.009440900873194,2026-04-10 11:23:42.256027,2026-04-10 11:23:46.481904,0 days 00:00:04.225877,83.55273516034369,26.812602759597162,85.51471786238932,-58.73976677886199,32.90073554238714,40.18572567578782,57.062374804260386,38.56286486323365,15.311433445477663,16.106933265485456,21.920476070221227,14.849604894569307,-32.16376645742559,50.25011121626981,31.962255899372586,52.10492355688403,31.469720019323802,27.490243099246975,Unattained target,RandomSampler,PRUNED
35,35,5.04020267420924,2026-04-10 11:23:46.640690,2026-04-10 11:23:52.888847,0 days 00:00:06.248157,47.169158666966744,18.33569813032161,29.40284802603508,-72.99242392544123,29.352819916310217,51.48276320168564,75.60607297772852,41.46674409680551,21.381180362692174,63.174311454236694,16.929045521840266,28.745482980983788,-62.92184144945948,50.44462165140554,16.436288115162014,37.092319467447204,42.19753306155079,13.245473267588022,Unattained target,RandomSampler,PRUNED
36,36,8.135083380638918,2026-04-10 11:23:53.036454,2026-04-10 11:23:57.308115,0 days 00:00:04.271661,40.51820124526387,97.61127709391408,74.33301889725577,-66.80854713115906,34.037499190185,13.571294094908929,60.854402710501226,42.83854282175081,23.029666706512234,65.75030295405654,43.05993916402091,40.49212931628338,-61.476918264707024,27.45314512672012,84.54789530071206,30.665155919577217,41.91758847085927,11.300601252371383,Unattained target,RandomSampler,PRUNED
37,37,5.397398423741208,2026-04-10 11:23:57.449500,2026-04-10 11:24:03.520084,0 days 00:00:06.070584,76.13654109069137,50.34411539679545,13.930317074463563,-34.748875858739616,96.64058414314064,13.6570385587738,21.98604529023143,47.223180351356575,10.919761545356836,42.40666095059944,89.43970593458322,85.1358322270053,-37.90098273997307,45.73584939465004,85.6410912103316,29.68627082082173,42.272095207901344,27.351491100946756,Unattained target,RandomSampler,PRUNED
38,38,6.067041536578934,2026-04-10 11:24:03.678890,2026-04-10 11:24:08.771971,0 days 00:00:05.093081,28.44938595452567,50.063873175363106,81.64174293350086,-69.96367312762061,45.62697093655087,37.52508002182801,29.65567243711949,43.53999088756504,22.319319764577763,85.19887960255716,68.79391184814084,34.77593964455562,-72.04870224043933,50.9503258044574,67.22928657174646,27.710222209459726,44.11519002863181,27.02248967279559,Unattained target,RandomSampler,PRUNED
39,39,6.8488458219314055,2026-04-10 11:24:08.918851,2026-04-10 11:24:13.364083,0 days 00:00:04.445232,57.94832590622157,73.09691305575802,17.85085896574252,-54.968373091552266,75.38654048995427,57.74240688254004,19.408305575338396,49.7790406806683,25.127017933204534,99.07430925483051,86.71616985077456,85.14787304836744,-36.353698208647494,17.494834789190378,52.05175771287027,26.29387639475803,30.710929641876547,21.967978348080614,Unattained target,RandomSampler,PRUNED
40,40,5.84709932576115,2026-04-10 11:24:13.515608,2026-04-10 11:24:19.908998,0 days 00:00:06.393390,78.53910196388024,46.90401394069589,49.17178980455893,-31.599142180450258,87.30545806715014,16.77840490940925,30.983017885351863,46.69512070085337,28.597421981439783,92.90028921376926,68.76044419132805,12.761611013875298,-75.94908653832894,51.603190898760154,18.394586408997867,56.926676707135165,32.482747072375105,28.953917119399232,Unattained target,RandomSampler,PRUNED
41,41,7.370156322553704,2026-04-10 11:24:20.053182,2026-04-10 11:24:24.348165,0 days 00:00:04.294983,83.76279050270635,43.291245810223515,60.66176871344107,-31.303447209799067,22.320870386228485,95.78998107468979,92.1574949842423,32.243054260199386,11.880174490198236,38.42519682842877,15.10561162560871,73.16318959407548,-22.71321932176783,80.84384338469026,87.20761717251396,56.22520544676385,48.0217341016061,20.295488094703934,Unattained target,RandomSampler,PRUNED
42,42,7.8422920630018425,2026-04-10 11:24:24.521183,2026-04-10 11:24:29.190310,0 days 00:00:04.669127,89.56128270564791,81.8034788869436,13.312678282920675,-75.6729461987795,51.036362006487835,74.06997706183334,71.28604574561754,40.37048555301419,16.65838498957232,29.182334039501654,64.27570332971064,26.007626062570306,-49.66852342997923,19.407095730309965,98.71654198546075,29.720535974663054,38.068645857033616,24.697506218955375,Unattained target,RandomSampler,PRUNED
43,43,15.279366318866714,2026-04-10 11:24:29.352229,2026-04-10 11:24:33.575430,0 days 00:00:04.223201,87.01749533153092,96.68579422636346,55.45263468018784,-76.8220479669299,14.567169336674475,59.48400282247585,51.89823439750405,48.2374219102064,29.564279199396456,79.95027473336572,61.31259724695005,66.25297235893348,-52.677301331105035,95.68961276438046,58.09126010642202,88.6228435489825,32.24525538385077,17.582155009430647,Unattained target,RandomSampler,PRUNED
44,44,6.722409051968967,2026-04-10 11:24:33.715604,2026-04-10 11:24:37.929285,0 days 00:00:04.213681,98.16905121459276,72.85583947295672,40.65601837563479,-31.57558519476978,71.4354996367455,93.29862933208908,58.36632264121125,39.96538701026208,28.886322816894697,33.09795177987519,43.34441518903371,45.674601869798515,-55.06421215110048,84.11492103382166,51.91034940837425,36.906359409908006,39.82059285651958,16.80481119233859,Unattained target,RandomSampler,PRUNED
45,45,5.384953928189951,2026-04-10 11:24:38.071735,2026-04-10 11:24:42.236758,0 days 00:00:04.165023,56.4928360999195,21.930701363373377,83.4470773233483,-59.152816925766956,77.75212175614136,76.39673105647297,64.13778357009382,46.104447922904676,24.823055201431337,85.54188084245999,74.70537259392187,55.74635883263359,-25.739266381442604,25.864344227209706,55.01793974052636,13.672418577711417,44.902001705814385,29.26982592356949,Unattained target,RandomSampler,PRUNED
46,46,6.3118409092396845,2026-04-10 11:24:42.385252,2026-04-10 11:24:46.760832,0 days 00:00:04.375580,55.98783546172752,55.819350296652715,39.48387044447419,-33.397565128145004,21.244319298635432,80.65359426404292,53.51709763571206,43.157164740305205,22.811529841776483,30.456260767149324,79.24780824813043,50.02754250457313,-72.45214647526956,87.27692310535002,25.29532818365676,27.465488750011772,45.034467373967146,16.387062712577013,Unattained target,RandomSampler,PRUNED
47,47,5.278490092963587,2026-04-10 11:24:46.919747,2026-04-10 11:24:51.228384,0 days 00:00:04.308637,42.766500692183016,17.062359226532642,77.33521189841389,-57.735940110630736,48.87968596360054,26.650181919791635,38.10039842202437,49.4941902015995,10.816198772628756,72.57458098356324,61.4269234422273,59.30243894198141,-28.217329596692238,73.3396392552379,80.32692923083192,46.69378797045654,48.70380130815869,23.678882289438214,Unattained target,RandomSampler,PRUNED
48,48,9.852917314440859,2026-04-10 11:24:51.368341,2026-04-10 11:24:56.451070,0 days 00:00:05.082729,42.921946967732545,60.164641936525875,68.33306002418448,-26.277429399285353,97.13877600295602,64.78653761182214,19.705243685621642,30.525951675035977,24.393602373161663,28.878482710213532,30.697662608202027,73.30203116929522,-29.13480370728007,29.711267554415965,46.82553065640527,50.03310357518495,47.25461153245289,24.05278171833732,Unattained target,RandomSampler,PRUNED
49,49,5.499290416976226,2026-04-10 11:24:56.608217,2026-04-10 11:25:03.177198,0 days 00:00:06.568981,25.74295416861452,44.54235732491582,73.21290124878412,-27.309772427679185,29.392375466110924,69.42952007684579,79.88782899304033,30.35108945228026,25.2432018993503,41.480949261971645,71.29633513233804,93.28774083865004,-29.85561789827903,94.72005971070297,73.75737643268073,42.19321347815955,35.33690317570976,14.13254002375498,Unattained target,RandomSampler,PRUNED
50,50,6.655349782848184,2026-04-10 11:25:03.364746,2026-04-10 11:25:07.519953,0 days 00:00:04.155207,10.503068442443011,42.092709863654996,90.6000828425638,-49.16539766987893,79.45538152413486,87.99783980134684,77.18307520718321,42.01820866422605,28.686445091081776,12.750840482486048,38.156826592045434,80.19527286551076,-29.310100930290368,75.00184228700822,98.39531576958491,58.43618019689076,43.98197469438204,17.930975097980347,Unattained target,RandomSampler,PRUNED
51,51,10.829707352316419,2026-04-10 11:25:07.672969,2026-04-10 11:25:11.555045,0 days 00:00:03.882076,85.34100577716036,52.709834818278274,49.3415823036899,-25.11472068796445,93.6958869809641,78.96167432014221,80.158239249201,45.745403794296735,28.149528156437388,78.93587885631695,53.10482819366237,45.95731973489456,-79.79735822635989,87.85133917964455,29.06559450831162,81.2338270531084,35.65232808461454,27.458554908963528,Unattained target,RandomSampler,PRUNED
52,52,5.7731758699843745,2026-04-10 11:25:11.688347,2026-04-10 11:25:15.916788,0 days 00:00:04.228441,92.10038085758053,35.89265120780353,71.06863073461574,-58.279733255053124,53.424799969866704,98.60715841714661,30.443435899520694,34.830891753167215,23.394036768902573,63.20759410675714,55.83362883857956,52.74501112258331,-49.55338896326067,61.942535121454185,82.79397178936689,90.72486670124296,46.236297588658815,18.605461964172243,Unattained target,RandomSampler,PRUNED
53,53,5.529630396116886,2026-04-10 11:25:16.079177,2026-04-10 11:25:21.348164,0 days 00:00:05.268987,39.3334644988916,58.34635891550272,17.495092391627907,-46.72713212264226,18.217794957944896,63.33471804216991,35.07188125853499,30.04998412012441,19.47282751419842,70.90638608043938,65.58855724909253,54.702223242221386,-39.66103107787948,31.001081586477547,91.45518081556894,77.41854696207463,37.7615666932279,15.435084808561667,Unattained target,RandomSampler,PRUNED
54,54,7.262109330662941,2026-04-10 11:25:21.494624,2026-04-10 11:25:25.607755,0 days 00:00:04.113131,38.49207655709474,21.34847084981252,52.41711017621123,-28.18268456043237,66.01823990375112,50.87915898924762,54.887331076259585,31.68509293480952,15.46689573891017,13.616022862267698,81.70846386270901,24.86273066928522,-42.11002257410278,45.52948277056347,26.432144090961827,95.86292455471997,44.56783967477104,27.47649774014088,Unattained target,RandomSampler,PRUNED
55,55,9.350163527249485,2026-04-10 11:25:25.762579,2026-04-10 11:25:29.885359,0 days 00:00:04.122780,83.26510924853774,74.19349218270726,29.65588401720885,-37.37330315026897,17.576872141447694,73.22154236092382,46.00811673254291,41.965088661418044,29.9697896809564,17.06741730613777,70.99143786647306,11.60724776584022,-39.17334229090928,58.51176139403178,93.98229091020714,15.424289568772922,34.27963221430201,24.807884878306552,Unattained target,RandomSampler,PRUNED
56,56,6.248924076273816,2026-04-10 11:25:30.020524,2026-04-10 11:25:34.312849,0 days 00:00:04.292325,74.54904831747969,74.09357360507568,67.1414195589737,-68.24727434908282,10.26041575005161,32.70248806369065,93.23499215449412,39.233488477595074,15.61420867500084,39.68716864946407,26.955783602239112,21.029884538836537,-75.54181913995714,10.008132471644316,48.97459912062662,85.56014172345336,44.984966677075036,15.47424968768006,Unattained target,RandomSampler,PRUNED
57,57,21.799282331312504,2026-04-10 11:25:34.483276,2026-04-10 11:25:38.538735,0 days 00:00:04.055459,87.54929809802756,73.497902878363,83.09855674468781,-20.495823260814966,37.44581344066424,58.728475494943105,57.48205012200276,36.16586165141819,11.620180535325726,55.57417809879606,54.32314420513128,28.398222946441432,-21.08799941233577,96.9458704329153,40.33214338174409,83.29980863898318,39.63122857582954,29.71172677277018,Unattained target,RandomSampler,PRUNED
58,58,6.59061331333562,2026-04-10 11:25:38.682730,2026-04-10 11:25:42.875644,0 days 00:00:04.192914,44.503011786931125,22.3097786265492,54.19776607421423,-33.19134537269199,75.28111825089496,38.118361366837846,94.76658755501015,49.50992491843786,15.31839161338242,21.54888698152462,44.69212736808743,87.91690438163205,-50.36405322258459,79.68794028814918,50.212158571079236,37.42571305526077,31.12511827149039,19.1461209724216,Unattained target,RandomSampler,PRUNED
59,59,6.143611305313954,2026-04-10 11:25:43.038368,2026-04-10 11:25:47.844412,0 days 00:00:04.806044,40.06627518036988,72.21259551603718,41.87537569393519,-61.57400359762552,16.2842759102125,71.17968909152782,23.003373916941804,32.80332373909039,28.86337419467623,63.25752674393172,29.366152596199598,21.627690715440337,-47.872749556769364,24.783554470053083,34.996141473160776,58.70592856804032,43.41833565226249,21.813678590590435,Unattained target,RandomSampler,PRUNED
60,60,12.041823246877911,2026-04-10 11:25:47.992868,2026-04-10 11:25:52.136774,0 days 00:00:04.143906,85.03629488454368,27.7991844704563,57.88218444778656,-66.96791059741491,34.930590704603105,71.7557340825492,52.98324206322384,40.74258782029896,29.088758662875463,60.97643227029384,86.92356860233035,27.549286355485144,-38.55482829124007,64.0715055346935,76.78232731416385,97.10650900161322,30.301206934421714,21.6799924623542,Unattained target,RandomSampler,PRUNED
61,61,6.050315193517243,2026-04-10 11:25:52.288146,2026-04-10 11:25:56.512561,0 days 00:00:04.224415,77.59430529986916,63.740081888171005,38.853679342068205,-33.662730668901176,10.302361796695973,65.4836334918332,11.656810873945387,44.93390110529427,24.715267011819336,24.878792833736597,88.88382097624336,45.443000351150395,-64.04875348801721,66.90977017346844,16.90748196300332,74.08957864662759,41.321067280330794,24.071284657972253,Unattained target,RandomSampler,PRUNED
62,62,8.617128866398254,2026-04-10 11:25:56.658595,2026-04-10 11:26:01.009361,0 days 00:00:04.350766,17.85835366188074,82.49919491410876,70.71007826564556,-55.248081471119875,16.951100637730292,35.82434425900898,43.63630090953589,49.19986915628594,19.392305618176955,74.32585980705312,65.25132241656314,29.272214794317218,-26.212442920277134,43.5598344378859,71.98579367732887,73.31086687557064,35.200130701710044,25.5922756728258,Unattained target,RandomSampler,PRUNED
63,63,8.887847480294823,2026-04-10 11:26:01.172178,2026-04-10 11:26:05.491472,0 days 00:00:04.319294,35.41148479112634,52.051161986119524,75.63711836031716,-69.65960915962177,88.6834349099627,60.70796535168366,80.00091381316689,49.53935966377807,23.873997645702147,35.70135104617378,87.89139816731678,46.27877690366251,-25.746910113707536,69.89191116237336,52.542442002369626,13.003644230741333,39.197003155359454,20.51392076927514,Unattained target,RandomSampler,PRUNED
64,64,28.51819957963268,2026-04-10 11:26:05.655499,2026-04-10 11:26:09.602539,0 days 00:00:03.947040,69.69823905111875,12.03263896847698,64.73925306966021,-50.23988884113034,10.630730060020607,80.07033403584227,72.224530241014,44.895055777547626,16.895933307665153,10.168749953976741,79.945847636885,22.060375263643138,-70.57904331988684,69.11951693286048,60.51442674716424,17.873360459654673,31.292040339084735,29.45713920561287,Unattained target,RandomSampler,PRUNED
65,65,6.213200692877358,2026-04-10 11:26:09.780968,2026-04-10 11:26:15.674695,0 days 00:00:05.893727,16.194091121966714,32.88478347951084,18.49500470597017,-56.56770096350877,22.7010561334664,49.703062865943295,33.153532915594425,33.04751506186829,20.466642888507653,40.72114186299848,32.10470979012837,20.96055857680266,-23.482462276360337,55.224600457734596,71.65921891450259,64.37829300695559,36.042337338453606,21.71788670921716,Unattained target,RandomSampler,PRUNED
66,66,6.041619718186162,2026-04-10 11:26:15.816725,2026-04-10 11:26:20.032574,0 days 00:00:04.215849,81.62889012926709,47.169127089834326,79.98578558462019,-77.01070591009908,66.7780077144739,18.52104477755868,24.509901783977938,46.04700377829274,21.621903996831723,42.38385113447994,93.80823142358193,64.30416561887714,-21.669863510713313,24.39347551255031,54.851828057859535,44.152396684551235,30.839732477627713,24.008070403246126,Unattained target,RandomSampler,PRUNED
67,67,11.405197985413956,2026-04-10 11:26:20.210272,2026-04-10 11:26:24.493642,0 days 00:00:04.283370,58.01414100943009,21.093103590969363,47.25042398622282,-76.7379764434276,73.67890305642712,74.52467126636509,88.4485276188072,37.41307790217956,16.220405488325447,89.48367213685545,93.70418544717211,62.16737134742356,-50.75857922698882,17.440970324520013,21.90298503353917,32.055323977070096,36.42522868192045,29.485656665359457,Unattained target,RandomSampler,PRUNED
68,68,14.719143211774806,2026-04-10 11:26:24.646195,2026-04-10 11:26:28.848975,0 days 00:00:04.202780,79.17675172827354,98.78612586221118,86.59062715518253,-38.235151742088064,86.06096846765321,61.3718580499386,55.32990578913993,42.693595297474886,17.72678215027486,73.95146763837135,85.6326105986409,55.575033697971186,-34.994750531324605,73.72870854008363,48.423603596579504,87.17757382479824,33.40462616350728,22.435615895766645,Unattained target,RandomSampler,PRUNED
69,69,5.043194480986092,2026-04-10 11:26:28.997334,2026-04-10 11:26:33.550470,0 days 00:00:04.553136,92.34017545623962,81.10228305868958,92.12507774100096,-28.102623397118386,11.827903630664714,93.97761259522295,14.910171941827988,43.986705726097135,19.04313304234538,26.075696148691108,76.15129022400143,49.02339869499142,-63.15299809836088,12.951543492067348,59.41404507560927,21.64498398399038,47.03542628224339,21.18528874473558,Unattained target,RandomSampler,PRUNED
70,70,6.433878489150391,2026-04-10 11:26:33.706512,2026-04-10 11:26:37.893979,0 days 00:00:04.187467,91.27453790287883,49.53285948189035,19.66399247356101,-46.10509704018717,42.36137100220172,48.78227009089162,86.64966385234221,49.901860527736076,25.73818141944472,96.5438111917507,83.49992823522922,29.63778516844366,-51.07656508007618,72.17792214810896,47.39941454754673,15.602934868192088,36.35609103447506,19.50525745975376,Unattained target,RandomSampler,PRUNED
71,71,9.138980685140936,2026-04-10 11:26:38.039476,2026-04-10 11:26:42.302806,0 days 00:00:04.263330,21.68143344849512,81.24890898613029,97.93644651923984,-70.69426597704134,98.74438032175003,20.43883515711805,20.080953913440055,30.057670028426752,12.294105864148895,90.18050148746728,29.041293485796718,63.26746351243582,-40.122300334455666,90.20122803160267,70.1398306364515,94.59788318534206,47.15499025462242,26.493981070023988,Unattained target,RandomSampler,PRUNED
72,72,7.44447530237996,2026-04-10 11:26:42.460537,2026-04-10 11:26:46.934536,0 days 00:00:04.473999,32.58283436781263,68.44366155890924,58.14588672166213,-58.29763075732321,19.315971475741776,64.70801610847782,58.72365984012064,32.94823076932232,26.634141650895064,85.32072246845752,21.36953182005763,74.08422999460115,-59.568752539777584,95.39140484911245,98.15847337897108,26.192145750090578,38.27499104499048,23.14968190543864,Unattained target,RandomSampler,PRUNED
73,73,5.402879533050886,2026-04-10 11:26:47.089381,2026-04-10 11:26:53.133443,0 days 00:00:06.044062,95.13180138714384,13.081683907404638,70.70004102294575,-53.41376990457028,36.48226247514768,27.191522028256983,98.87750900769419,30.602649569757187,21.249670366157833,81.22115626235534,26.39777013930886,14.204153230300061,-24.279634053016096,16.662407066091713,66.99226252111036,79.77134081082643,45.367490702423915,26.1037196678981,Unattained target,RandomSampler,PRUNED
74,74,5.149769547069749,2026-04-10 11:26:53.276522,2026-04-10 11:26:57.584329,0 days 00:00:04.307807,82.47971458012505,98.50231209676315,78.1382016217105,-61.06339529606871,73.06117263891682,14.49609169552628,32.17893333209606,45.37971879651852,24.85977662334145,50.80818590662644,35.19057893501804,92.2941028924561,-58.33268782821884,17.85642022874197,34.658789035091075,44.46140328213292,36.70996519896198,13.536095908895476,Unattained target,RandomSampler,PRUNED
75,75,5.501727480100996,2026-04-10 11:26:57.737856,2026-04-10 11:27:02.036600,0 days 00:00:04.298744,27.403114162013942,42.32384613126692,60.996904257705744,-23.362791014401765,74.2584546011576,54.861478558864285,87.60995530014534,36.104446387486426,15.919499579565306,44.584615959558185,48.19669664896123,72.01496937113865,-59.83172779686695,39.335710598006074,18.236513608692945,87.12991272584928,45.61634205529937,21.85460680381399,Unattained target,RandomSampler,PRUNED
76,76,6.3463359216093735,2026-04-10 11:27:02.190660,2026-04-10 11:27:06.568950,0 days 00:00:04.378290,80.64703383175335,57.286625120712195,78.35632595739767,-75.8118505850706,22.928097881890373,18.89054492452731,16.12099065221215,43.75020701737099,24.631516230900406,48.8386311995158,37.43471901883432,20.922899491274286,-27.082740448986428,46.33653322354739,19.042196327840976,80.5829530288978,39.595952560366186,17.433101718022833,Unattained target,RandomSampler,PRUNED
77,77,6.352427295472978,2026-04-10 11:27:06.715660,2026-04-10 11:27:10.776422,0 days 00:00:04.060762,29.117931674967036,65.75157738251065,32.92944971095885,-79.60881935520351,11.585039249216349,34.60446733279008,77.4906012596568,46.72847853332901,27.139324882707523,39.87816659742722,45.16741686161678,53.01866576435734,-72.909780344031,55.16722546763062,38.45870419034002,20.727948838774942,39.65990838833628,12.290184659451445,Unattained target,RandomSampler,PRUNED
78,78,6.17974729156834,2026-04-10 11:27:10.913972,2026-04-10 11:27:15.181193,0 days 00:00:04.267221,71.61967319147001,77.7796349102423,25.159426784354125,-22.32816097443647,70.80804163671395,92.17226378911603,28.20686857149945,49.28310541612896,20.979056065749845,51.58838640353787,60.23292616022522,98.95788070920264,-75.61773789487113,32.29522679689643,57.562483893906006,36.8294968987442,43.58162063918601,16.42625006734356,Unattained target,RandomSampler,PRUNED
79,79,9.469269593075026,2026-04-10 11:27:15.330714,2026-04-10 11:27:19.766740,0 days 00:00:04.436026,50.19197661038042,27.264307598057115,57.02943013236628,-40.57766487528605,44.7045198218458,61.22435696541058,14.127659379852776,45.330747787112415,22.700207364760665,64.28380753239904,62.73093946610062,27.750955784334174,-55.99202861581627,71.78345826142487,88.06133386947765,81.78071405619413,38.72132185486226,14.24366768884716,Unattained target,RandomSampler,PRUNED
80,80,6.265160842492882,2026-04-10 11:27:19.904928,2026-04-10 11:27:24.207305,0 days 00:00:04.302377,48.39585737075906,40.757601162240576,67.2558571549406,-25.048846633029036,69.63792796798646,79.41108965252215,54.885601890917044,33.27769857023787,15.739480902224038,62.49099665323193,25.716593647114568,53.98937048362041,-68.49307568434065,75.4662891502836,28.735186729051197,21.641835594111036,39.90567352619119,27.222689647849794,Unattained target,RandomSampler,PRUNED
81,81,17.23834933052266,2026-04-10 11:27:24.367274,2026-04-10 11:27:28.607395,0 days 00:00:04.240121,55.97779089002225,36.02557020813033,88.47240665627496,-64.37956120169532,42.93915270169695,16.419476852046575,26.88698220719783,33.92554256881335,10.241530490223303,17.451175755675344,58.01084689819403,49.8136593709891,-28.11795133783758,78.48275519785102,19.955569384804406,63.24396718801792,33.216996591721255,18.195807165746533,Unattained target,RandomSampler,PRUNED
82,82,5.317476722069912,2026-04-10 11:27:28.762931,2026-04-10 11:27:33.027005,0 days 00:00:04.264074,23.172644019323332,48.41130815538011,93.77136835145124,-25.360978251842617,89.80779073303636,49.047801316060024,67.26409326266966,38.276938260378685,14.990027983676832,31.12885422714822,21.153209955701268,83.94913732937414,-37.55243668047784,44.59132304251197,57.3506825863005,35.60248126785857,42.956218293738516,21.95309296067007,Unattained target,RandomSampler,PRUNED
83,83,5.2911228598216695,2026-04-10 11:27:33.183406,2026-04-10 11:27:37.462124,0 days 00:00:04.278718,79.7299430226027,59.63188653897638,34.597192241978746,-24.810553208459815,51.16560465587668,75.9685363047785,21.653287301717917,43.99149328343732,28.361586747909257,18.30706553233937,85.4624419829378,31.26798730263738,-59.97670967135232,41.190067693492246,33.78023526600366,78.80976676516404,33.55231353180882,12.230857731363562,Unattained target,RandomSampler,PRUNED
84,84,10.17661918082834,2026-04-10 11:27:37.603459,2026-04-10 11:27:41.999344,0 days 00:00:04.395885,96.05667863794568,37.045265621521594,93.29919591131141,-67.19387848423517,55.21647945886846,35.89272368401099,17.099379320199684,42.814162945632894,12.100233781175184,54.487226132698545,20.393756282265734,55.93157736980357,-39.97192552896731,44.236788005217896,44.323765625468724,66.92981647701986,46.62680247159844,20.49230219606011,Unattained target,RandomSampler,PRUNED
85,85,0.3510082413062179,2026-04-10 11:27:42.148291,2026-04-10 11:27:49.112682,0 days 00:00:06.964391,69.59748292371175,51.718478548068184,45.37682544695315,-61.80166396941959,58.174265015551455,56.932442399241594,45.58723328572526,41.26041885296796,17.923660693290365,36.411075410676666,30.580267667153663,16.5093550591724,-73.13670110102352,38.76876604212832,40.974637133243085,99.17910993955005,33.52305104301544,29.52252054361881,,RandomSampler,COMPLETE
86,86,6.765702483271124,2026-04-10 11:27:49.251542,2026-04-10 11:27:53.481364,0 days 00:00:04.229822,89.76534457688614,62.1137297284989,38.95030836389262,-79.61972990626866,86.26241549086281,12.10570409211618,65.84227413574428,38.27089830874721,11.309985252103454,47.49509491102985,66.2432129273684,89.6074215323061,-68.8914619157718,44.4856480356689,93.92944017122134,17.689928589626764,42.77595319115241,13.38237412244563,Unattained target,GPSampler,PRUNED
87,87,6.053080861181613,2026-04-10 11:27:53.632647,2026-04-10 11:27:59.086396,0 days 00:00:05.453749,76.93464427909022,29.39761293122568,16.943115463708324,-60.674709734394455,40.66087219207516,30.494113985726404,97.71379142121043,40.56856209222836,24.057159843908657,78.48296148628157,71.09918147327278,12.168173518314411,-48.40950019004621,47.41482397364411,54.15024069913553,73.57537061638516,37.22923888903706,26.65573434195131,Unattained target,GPSampler,PRUNED
88,88,8.608676384775478,2026-04-10 11:27:59.247872,2026-04-10 11:28:03.387460,0 days 00:00:04.139588,39.3736645389886,96.5735709725312,44.16373725523846,-62.04732751336978,46.2399776410427,31.95265354809383,89.45878247827237,40.37575134344494,26.820328251995825,46.03959047370282,85.48488460803762,21.028736017397172,-77.24797731156933,50.987076518597654,54.43994226368929,13.609654773084014,47.65152777661892,22.59712224329072,Unattained target,GPSampler,PRUNED
89,89,6.859371029051346,2026-04-10 11:28:03.531059,2026-04-10 11:28:07.787376,0 days 00:00:04.256317,57.96997387329709,69.17628081122541,98.48184089681166,-30.862527009815018,60.62954352855196,32.24036362872326,30.26014966353581,30.740458468557755,25.371087751127988,31.326231739399354,75.13774286228737,30.375496310440063,-72.86001916052417,37.55865496594744,19.5108616474907,52.63877042250608,42.77769092869988,10.343543562660109,Unattained target,GPSampler,PRUNED
90,90,6.387568577740851,2026-04-10 11:28:07.949052,2026-04-10 11:28:12.404797,0 days 00:00:04.455745,99.73364450833921,45.34442013015467,88.37909300925902,-33.013367791456346,95.03168206285636,31.378593531835573,69.30037305333941,36.52426819231118,16.278437456721754,51.34618105194501,43.829024399017115,45.51846381544537,-23.67045588283507,20.546490401532246,32.08213070231367,70.85374036163006,31.048443391518944,16.121371341254736,Unattained target,GPSampler,PRUNED
91,91,6.194005181548711,2026-04-10 11:28:12.567853,2026-04-10 11:28:16.986749,0 days 00:00:04.418896,60.4138369965192,57.99689939960955,93.63348964400805,-49.10912236788207,60.28124095608962,83.29940899734217,28.720165195859618,42.54395297109324,16.657322230583677,55.043041204514104,16.55493884526727,35.21910984484482,-74.92698630436848,12.780294021406108,42.111307059094614,59.51585020649118,40.7026498016182,17.666993801454556,Unattained target,GPSampler,PRUNED
92,92,9.636711707491123,2026-04-10 11:28:17.135882,2026-04-10 11:28:21.278407,0 days 00:00:04.142525,29.259794984631107,81.80859474790397,61.23733872714479,-57.2721999344757,63.46567917391481,94.76726876228162,75.6743564105588,48.74276911481726,10.327596760076606,35.8202469001641,68.7465999831237,27.462800436679316,-35.835018463463925,49.52244329791873,32.487898224162954,41.66074512813424,48.9522670008566,25.81408896407791,Unattained target,GPSampler,PRUNED
93,93,6.088333645010174,2026-04-10 11:28:21.430698,2026-04-10 11:28:25.238764,0 days 00:00:03.808066,19.489902077198973,57.4145200483697,79.62478251552342,-78.48891215452696,56.86855523545054,31.279288318706023,49.544349547008245,42.61354058487035,20.583301349254047,45.347471457979296,41.23127324776476,38.68763169543901,-22.820699353599153,93.85696615745,84.61266317871736,87.17111872713974,35.13325136423196,28.79577702213935,Unattained target,GPSampler,PRUNED
94,94,5.149008160843465,2026-04-10 11:28:25.399628,2026-04-10 11:28:29.460638,0 days 00:00:04.061010,94.86459355071734,29.835169257797155,79.22068227002508,-64.9936124370048,52.59698446353301,82.4200831724701,20.153132337082887,49.796806684318845,15.177053482934543,16.55434007032919,43.18657914381144,67.22750857633292,-37.93807143556745,44.87856621334126,31.590914304127082,52.12602627268936,32.588073048554016,25.039465993668024,Unattained target,GPSampler,PRUNED
95,95,5.588790989099408,2026-04-10 11:28:29.612725,2026-04-10 11:28:35.674978,0 days 00:00:06.062253,65.50156055135652,67.69893618681009,52.404013262630656,-55.784250043870045,24.611421703848777,11.76132288600441,37.70275496991979,42.35889702688792,28.24107297874206,55.7555578472381,30.89812982785998,56.831516632304464,-47.08065703503416,70.21095772766286,13.209996855795868,34.43113933621497,48.78016452034548,17.29661626314062,Unattained target,GPSampler,PRUNED
96,96,5.876595418433844,2026-04-10 11:28:35.820213,2026-04-10 11:28:39.990062,0 days 00:00:04.169849,13.315624053641328,53.72666027680164,21.675173753600355,-71.95896751733376,64.92620035533585,55.98186121301981,44.69970766465152,40.59711162317471,24.208585154080343,30.720478956459353,93.81406281968711,80.67328159734272,-56.00566714425334,61.40111719986496,74.84060425067861,93.56986610321229,38.708930731196595,23.281302929348918,Unattained target,GPSampler,PRUNED
97,97,11.078691804453392,2026-04-10 11:28:40.161350,2026-04-10 11:28:44.061991,0 days 00:00:03.900641,73.26134414191304,63.04629651411767,56.082093400606546,-53.022278154829294,26.219314845260293,59.66901355714134,53.044485558920925,45.33311915853601,14.347933792688725,52.27540628373922,76.11263772115525,81.06538114759299,-77.42116621909294,36.42535077455277,75.1147805107121,73.49410828040467,36.22240929792254,10.6476532121025,Unattained target,GPSampler,PRUNED
98,98,9.262720869061802,2026-04-10 11:28:44.211548,2026-04-10 11:28:48.647449,0 days 00:00:04.435901,63.90904062243917,53.79726090841392,87.11619662564654,-44.34107721088877,41.98366161983748,51.78129333873835,38.57507350447851,32.112688006271426,29.785051725318702,40.64750806977429,71.8068262592848,58.69868170755233,-54.93731830561589,21.97939769336578,57.39551231076912,90.3833302236242,45.51311732775726,27.66996106701009,Unattained target,GPSampler,PRUNED
99,99,9.571257302398728,2026-04-10 11:28:48.809145,2026-04-10 11:28:53.041751,0 days 00:00:04.232606,52.43511621618228,83.16550938245308,44.12647587806147,-70.18202958352038,84.4925993953876,89.75711837566463,33.82838142887632,34.04404295368151,17.5310361773437,69.00391048003556,89.00341296400285,31.38741686066153,-31.74073556550554,26.98680970131884,53.882280740663234,63.5179728578779,32.69534684545026,19.671706404948665,Unattained target,GPSampler,PRUNED
